Annual_Rainfall,Cloud_Visibility,Seasonal_Rainfall,Temperature,Humidity,class
1373.85,8.67,786.02,24.79,59.84,1
1151.61,7.51,541.03,25.98,77.3,0
1426.69,10.0,791.31,23.98,60.93,1
1733.06,2.3,837.59,28.53,68.78,1
1118.05,9.15,774.21,31.5,87.36,0
1118.05,8.87,820.99,20.03,62.07,0
1752.72,3.57,826.75,28.64,51.12,1
1468.6,8.52,1081.68,25.89,57.37,1
1035.68,6.84,628.43,27.45,81.93,0
1389.9,5.43,750.36,28.84,73.06,1
1037.8,3.94,490.94,26.25,,0
1036.99,4.2,622.39,26.59,63.89,0
1284.69,10.0,884.32,26.14,75.82,0
530.35,6.0,351.16,30.88,59.81,0
596.28,7.96,277.31,28.68,73.67,0
1003.2,4.02,473.38,27.88,61.22,0
845.51,4.05,482.67,21.92,59.23,0
1309.99,8.7,705.54,25.49,62.35,0
882.19,2.63,458.49,30.59,65.5,0
705.69,4.96,377.05,27.15,69.41,1
1712.98,6.09,1183.74,29.64,72.83,1
1120.98,6.28,816.93,34.07,25.74,0
1223.63,5.55,699.35,31.15,60.31,0
701.34,6.99,506.25,27.37,65.3,0
1009.47,7.73,551.62,24.96,88.06,0
1238.82,7.84,734.54,16.79,57.04,0
797.15,3.54,412.77,26.33,71.95,0
1331.49,5.29,855.01,25.7,87.94,1
989.78,8.99,736.09,28.56,54.24,0
1097.91,8.24,692.83,26.38,74.73,0
989.4,2.57,551.44,25.72,60.37,0
1848.3,6.88,1190.94,19.88,63.94,1
1195.28,1.05,581.95,23.24,60.36,0
829.8,6.12,594.63,28.91,61.22,1
1487.89,10.0,894.11,33.86,100.0,1
772.7,3.63,451.88,26.61,80.13,0
1273.1,3.91,796.66,28.31,83.22,1
514.12,7.91,327.72,30.81,75.9,0
735.13,2.14,346.64,23.76,50.72,0
1268.9,4.42,830.86,28.47,,1
1458.46,7.49,762.16,24.04,82.88,1
1259.98,4.41,836.86,30.46,59.76,1
1159.52,5.41,807.91,27.61,81.58,1
1094.61,7.86,756.58,28.19,78.45,0
682.52,7.05,420.26,23.87,92.22,0
948.05,6.67,574.57,29.83,64.99,0
1038.78,5.15,511.97,35.34,56.83,0
1569.99,6.93,1071.68,22.97,65.66,1
1320.27,5.69,701.62,25.64,87.23,0
582.94,7.14,349.18,27.93,48.06,0
1313.43,4.76,703.06,30.15,45.18,1
1065.22,5.54,522.12,24.76,71.07,0
963.08,3.53,615.28,15.67,64.69,0
1414.09,5.91,659.39,32.44,70.09,1
1560.85,3.97,1052.94,30.04,81.34,1
1525.95,3.21,832.06,20.03,63.37,1
906.27,6.65,407.86,24.57,47.52,0
1091.78,6.53,658.71,33.27,,1
1315.94,7.96,610.67,32.79,58.03,0
1541.44,4.92,821.36,30.75,57.29,1
1032.29,7.02,683.47,26.3,83.24,0
1135.02,7.38,532.1,27.33,65.39,0
812.78,7.11,570.41,26.48,69.24,0
781.33,3.94,352.49,31.51,75.79,0
1484.38,6.37,777.89,23.5,83.0,0
1674.68,6.91,1125.84,23.78,66.0,1
1174.8,6.02,640.12,31.04,88.24,1
1551.24,0.78,745.47,26.82,44.37,0
1326.57,6.4,740.32,32.51,79.12,0
974.21,10.0,517.42,24.31,59.93,0
1326.49,5.1,932.27,26.78,86.47,1
1738.31,4.18,945.65,23.31,71.7,1
1187.46,6.93,815.41,27.03,61.93,1
1747.63,6.78,1254.03,21.09,77.95,1
283.09,8.98,164.23,25.05,80.72,0
1487.67,2.86,1075.56,21.25,77.7,1
1230.47,7.83,692.99,29.78,57.64,0
1095.35,7.48,809.71,29.87,64.19,0
1232.12,5.64,587.46,20.08,69.95,0
504.35,6.85,330.91,32.34,69.5,0
1123.11,8.57,671.78,36.99,79.0,0
1324.99,8.18,750.33,27.18,45.82,0
1717.26,3.14,1098.73,24.44,74.01,1
1018.61,8.05,673.46,38.3,66.52,1
917.03,5.84,413.86,21.72,59.94,0
1024.39,6.18,512.28,27.08,61.09,0
1520.39,6.18,1009.41,27.72,67.43,0
1315.06,5.62,854.68,32.38,26.79,0
1014.58,8.98,750.6,28.44,61.58,1
1379.64,5.79,935.83,25.01,59.49,1
1233.98,3.2,907.26,23.2,76.39,1
1539.03,5.02,1016.93,25.63,60.33,1
954.28,6.45,514.75,22.97,67.42,0
1085.32,9.07,522.7,27.19,88.51,0
1062.76,7.51,727.51,24.74,81.93,1
687.77,3.87,442.4,21.02,80.83,0
1303.64,10.0,605.48,32.02,64.0,0
1291.37,6.66,720.6,25.01,76.52,0
1201.79,9.19,885.77,21.93,67.19,1
1117.89,5.62,670.87,26.33,67.65,0
704.62,7.33,408.55,27.27,74.92,0
1052.77,8.1,618.3,20.01,62.84,0
1080.05,9.05,553.7,28.33,87.92,1
919.2,8.64,515.32,22.81,,0
1143.55,8.18,641.47,33.84,77.42,0
1341.42,5.21,624.71,29.1,87.47,0
1860.17,4.57,1265.42,25.4,82.38,1
1261.1,6.83,725.07,24.02,53.09,0
1290.14,8.33,898.78,26.58,75.34,1
1173.94,5.44,827.75,29.45,80.21,0
528.43,8.66,271.4,26.9,80.7,0
1190.72,9.63,770.64,26.13,56.64,0
1221.08,3.71,722.49,27.23,62.12,0
2062.13,3.91,1472.46,24.58,81.93,1
1132.67,5.65,583.01,25.63,60.86,0
1305.54,6.77,852.97,18.66,66.4,0
1187.85,4.69,751.11,30.89,88.91,1
790.96,9.38,426.0,28.2,69.43,0
1599.99,7.06,785.56,23.91,61.28,1
1463.18,6.1,944.47,34.59,59.47,1
1476.86,2.41,991.83,27.35,73.99,1
881.71,2.71,480.26,22.86,54.0,0
1690.98,6.7,1088.06,30.43,67.03,1
709.35,0.67,403.29,28.59,74.0,0
1405.4,8.53,933.13,28.58,85.59,0
1966.66,5.6,1002.53,25.3,78.01,1
853.31,10.0,611.88,28.8,61.43,0
1001.8,10.0,537.19,25.95,84.14,0
1234.88,5.55,691.95,29.22,66.41,0
1023.78,5.73,478.54,19.38,55.17,0
657.27,8.49,317.76,25.26,67.94,0
1224.0,10.0,740.22,33.89,87.26,1
828.19,1.9,439.17,23.93,71.98,0
1365.76,1.53,956.91,24.58,70.15,1
878.2,4.44,399.06,25.21,89.65,0
1742.48,7.46,982.28,22.14,52.82,0
925.86,7.24,510.34,18.17,54.57,0
1087.28,8.67,495.58,26.08,50.61,0
1484.73,3.0,723.53,27.54,74.47,1
769.2,0.21,441.59,26.79,72.0,0
1279.61,8.15,765.03,26.42,88.51,1
1657.5,3.93,946.91,27.17,72.92,1
637.38,0.95,388.34,31.09,65.15,0
1264.62,6.36,794.86,26.24,70.02,1
1290.96,7.98,584.77,24.7,71.41,0
1473.64,5.69,868.31,25.88,49.94,0
767.07,4.86,566.9,29.32,100.0,0
737.84,5.6,446.92,32.65,76.24,0
1382.68,5.07,903.25,24.49,72.52,1
1303.94,2.63,708.77,27.4,77.38,1
3219.18,4.21,878.45,28.35,78.51,1
1321.26,7.3,900.93,23.03,68.31,1
961.99,6.8,583.34,27.08,62.43,0
1281.29,6.42,951.75,21.14,77.19,1
1302.58,3.51,635.22,19.92,74.63,1
949.98,5.55,432.32,28.47,60.28,0
1853.02,0.56,1262.0,25.46,87.03,1
1365.84,6.45,945.36,27.81,73.52,1
783.04,9.57,380.61,26.93,78.76,0
1429.79,2.31,757.33,23.09,86.7,1
858.86,4.54,391.01,26.82,70.26,0
1475.48,6.82,793.8,22.07,73.8,1
1605.51,9.13,1094.86,32.56,79.72,1
912.76,4.88,552.57,21.58,61.3,0
1537.18,4.27,852.26,26.22,70.65,0
1344.47,1.08,754.95,22.83,71.51,1
1487.72,6.26,670.08,29.28,58.53,0
1863.88,10.0,1006.38,25.67,97.81,1
1114.11,6.69,717.42,24.93,53.11,1
936.19,5.94,694.9,30.41,54.42,0
888.67,6.81,625.73,27.12,85.77,0
914.47,5.97,417.98,29.07,78.56,0
1173.01,3.97,844.06,23.07,57.69,1
1319.4,8.06,903.74,21.38,77.29,1
1296.84,6.56,887.19,27.43,87.61,1
1489.51,6.04,874.94,25.72,69.64,1
1204.55,3.56,685.87,29.51,100.0,1
1708.74,9.26,924.21,26.68,49.31,1
1107.37,7.66,520.14,27.82,78.33,0
2152.06,4.62,1115.78,20.51,84.0,1
1418.98,8.5,743.52,34.55,80.7,1
899.99,4.76,535.7,26.34,67.55,0
2062.97,4.04,556.37,29.79,,1
1368.87,4.1,810.56,23.66,75.33,1
1121.79,1.57,524.27,28.23,79.79,1
1449.9,7.18,1069.06,21.79,77.23,1
1365.63,1.42,1000.76,28.81,82.48,1
1174.51,2.93,805.19,25.58,57.77,0
903.62,0.81,675.37,27.12,67.27,0
669.8,5.78,410.82,29.79,58.72,0
1043.72,5.62,771.13,22.07,65.37,0
3749.35,5.18,708.9,24.26,82.18,1
1274.93,3.39,713.59,28.83,71.3,0
763.99,3.07,395.45,35.39,100.0,1
1260.61,7.16,641.34,26.45,72.32,0
1334.86,4.62,657.07,29.36,70.72,0
890.65,6.79,567.1,26.57,71.27,0
1253.8,3.79,858.1,34.77,62.35,0
1220.37,6.45,760.89,20.01,69.31,0
799.96,9.26,395.25,27.38,83.53,0
1325.23,7.47,918.83,20.5,71.37,1
1396.27,4.97,894.71,16.97,60.48,1
1579.07,6.64,894.46,28.19,58.9,1
1568.83,5.4,1023.25,27.56,64.6,1
717.82,6.02,378.99,25.86,70.89,0
871.76,5.19,482.57,26.58,84.32,0
1380.26,5.59,1001.03,39.39,53.91,1
1379.83,6.53,741.17,25.97,66.16,1
1380.27,3.52,815.73,29.04,71.73,1
2548.46,3.46,1827.35,24.4,48.0,1
1399.81,2.53,927.12,28.18,60.0,1
1597.45,2.0,748.66,26.05,61.84,1
1533.9,2.96,758.04,25.36,60.45,0
1427.99,6.4,645.95,34.28,72.3,1
1089.66,3.77,696.59,31.71,68.07,0
1465.64,7.28,856.38,27.55,63.34,1
929.51,6.09,455.72,17.78,75.14,0
1117.11,1.08,823.74,25.56,90.68,1
1030.12,7.64,627.24,37.81,89.67,0
1228.66,8.03,642.06,26.08,46.93,0
2010.13,3.52,1206.44,31.41,76.92,1
546.46,7.05,357.32,32.77,67.86,0
1440.19,3.86,681.03,27.88,71.86,1
635.55,6.24,338.37,23.63,65.22,0
1034.82,2.84,716.19,17.26,71.41,1
1581.13,1.52,929.55,29.74,71.82,1
1222.5,5.04,750.58,23.74,63.05,1
822.79,5.69,477.09,27.7,59.24,0
949.64,5.01,439.85,22.0,64.62,0
1437.86,3.04,718.53,25.94,72.81,1
944.37,5.0,551.19,27.13,77.19,0
1275.76,6.67,654.15,28.07,80.24,1
1215.95,5.89,565.41,22.54,64.07,0
971.94,6.46,683.37,31.79,73.41,0
1950.38,4.32,1451.78,24.61,81.55,1
1421.87,8.93,978.17,20.3,83.99,0
491.2,3.06,346.85,26.56,69.29,0
1265.26,7.22,661.22,27.14,67.35,0
968.37,8.95,714.84,27.64,72.29,1
1498.35,7.2,762.78,32.45,56.2,0
922.62,5.49,678.52,26.05,67.68,0
1159.84,4.68,868.08,26.52,78.94,0
1376.75,8.59,913.49,22.59,77.7,0
1503.01,2.44,1118.76,30.28,66.76,1
779.9,3.57,484.21,27.74,72.61,0
1082.92,5.01,571.64,25.32,60.1,0
1033.77,9.09,600.72,19.38,78.44,0
971.33,6.95,610.06,32.78,69.07,0
1817.91,3.58,857.92,22.09,66.69,1
1341.74,5.22,854.29,24.63,65.66,1
758.69,4.46,564.73,28.43,69.25,1
1521.25,4.23,771.32,22.21,64.63,1
1942.75,8.45,1336.18,21.03,77.9,1
1561.36,2.57,1127.88,18.5,65.26,1
668.22,10.0,489.88,29.88,89.12,0
1030.52,8.07,760.56,24.82,87.58,1
1643.42,8.73,996.63,38.71,59.3,1
952.32,4.84,707.75,23.02,70.84,1
1355.34,5.63,917.82,23.31,62.19,1
1471.12,2.42,733.36,24.74,66.08,0
875.57,4.69,519.28,27.97,94.03,0
1179.17,7.23,784.73,25.12,66.31,0
200.0,9.24,104.84,29.45,74.32,0
841.46,3.23,540.38,23.09,76.5,0
1111.6,5.09,722.52,21.47,57.99,0
763.28,5.62,380.73,19.81,59.74,0
1771.34,2.51,1097.39,18.11,55.53,1
699.45,7.48,476.67,24.93,59.37,0
1045.98,4.19,627.24,25.8,35.8,1
1245.76,5.51,565.11,24.47,76.53,0
1704.45,4.87,771.62,31.97,94.65,1
697.45,4.03,388.55,31.91,71.77,0
1607.11,5.98,1169.75,25.66,53.0,1
1203.58,5.46,624.18,19.82,62.29,1
856.47,5.07,548.41,24.73,64.49,0
1361.74,4.18,703.5,24.6,57.79,1
1269.67,6.8,693.88,24.37,80.32,1
989.92,10.0,697.32,24.21,79.72,0
1224.43,6.35,818.73,24.39,56.13,0
1065.14,8.49,509.8,25.45,78.7,0
1239.73,2.52,717.32,24.46,88.32,0
1431.75,6.39,656.81,27.83,92.83,1
1755.11,3.26,1043.0,28.44,100.0,1
766.76,2.31,497.42,23.36,59.18,0
1946.56,4.15,945.15,32.08,100.0,1
516.77,8.98,277.33,23.08,65.75,0
1146.88,8.38,652.97,20.53,62.89,0
1405.91,6.61,1020.49,28.52,73.92,1
1298.35,2.17,971.13,23.73,63.02,1
982.06,5.51,455.16,28.29,74.79,0
1127.16,6.75,764.55,17.39,54.16,0
1027.45,6.44,576.93,32.57,67.13,0
993.72,1.39,564.17,29.69,85.43,0
1497.36,3.77,1012.63,21.0,69.32,1
1324.96,5.84,961.29,21.08,71.7,1
957.48,7.34,704.02,33.69,75.7,0
1514.86,0.51,943.96,24.05,84.05,1
1307.55,5.59,728.49,23.66,50.14,1
1484.5,6.36,1018.76,17.94,77.01,0
1420.37,8.12,746.12,25.6,66.78,0
909.85,7.73,563.4,26.09,72.0,0
1003.94,7.46,559.77,29.86,82.72,1
1461.55,4.0,945.61,21.4,55.67,1
1413.63,1.23,738.08,20.92,57.85,1
1192.68,5.02,605.26,28.8,46.77,0
1241.06,8.5,900.36,31.03,63.41,0
1647.18,9.48,791.54,20.72,85.97,1
992.95,7.78,597.54,31.33,68.55,0
1391.48,7.07,718.36,27.15,53.92,0
1129.23,6.95,521.34,31.37,64.17,0
1123.81,4.61,517.86,26.72,52.15,0
1584.57,5.67,796.35,16.91,56.5,0
1488.9,10.0,1057.16,26.39,74.67,1
1484.73,3.64,793.95,31.24,55.91,1
1656.92,10.0,1218.06,23.43,83.35,1
1207.35,5.19,753.97,25.45,69.15,0
1438.68,9.31,835.85,26.3,71.03,0
1091.41,2.48,681.07,15.4,66.66,0
1313.46,7.46,794.65,33.69,79.27,0
1154.45,4.16,782.29,23.39,79.4,0
1233.95,2.46,659.85,29.02,74.02,0
1408.3,6.55,782.9,26.65,76.78,0
913.62,8.52,656.19,32.03,67.45,0
1932.34,3.89,1418.21,28.62,76.51,1
847.89,2.25,608.59,26.06,65.95,0
775.03,5.77,446.29,23.43,70.03,0
1605.34,5.78,1098.23,30.19,66.7,1
1477.08,7.37,875.76,19.51,64.51,1
3546.1,8.37,850.02,29.58,61.73,1
1419.92,5.85,726.15,22.6,75.61,0
1195.71,10.0,750.12,32.01,85.73,0
885.96,6.56,448.16,27.65,84.05,0
1226.53,5.13,673.94,29.58,54.92,0
962.99,1.97,680.36,27.33,85.47,1
1541.29,5.34,789.33,19.99,66.18,1
1148.53,5.16,541.36,23.56,77.21,0
911.08,8.4,428.85,29.69,59.13,0
1087.51,7.16,796.32,27.67,71.7,1
1344.53,3.05,809.51,31.72,73.76,1
1002.7,6.43,574.37,28.61,52.18,0
912.22,7.68,632.41,23.13,77.3,0
1285.29,9.82,900.66,23.82,86.15,0
1285.74,8.22,706.72,27.41,67.9,1
1022.57,7.9,672.94,17.74,86.32,0
1035.14,6.15,705.28,33.69,67.72,0
1281.22,6.97,828.17,28.77,80.2,1
693.17,9.12,343.45,31.91,43.38,0
707.39,2.67,504.2,20.68,99.03,0
948.54,5.13,580.25,31.98,87.95,0
1125.29,4.07,601.74,35.93,66.58,0
1308.82,6.95,755.93,21.72,46.33,0
1716.37,9.08,791.71,30.09,73.46,1
1500.18,4.51,732.63,27.0,52.67,1
1144.02,0.02,777.55,20.82,75.34,1
1193.34,4.97,537.01,28.97,74.94,1
849.11,8.28,488.22,30.33,58.7,0
1193.52,7.34,724.17,24.6,83.45,1
1098.97,7.07,512.55,31.66,79.67,0
1312.95,5.3,974.11,20.33,81.71,1
910.47,2.8,471.48,21.02,70.11,0
1381.77,7.29,747.9,27.55,53.01,0
1736.46,3.91,939.74,27.1,81.73,1
1161.93,10.0,603.19,24.13,66.76,0
1340.6,7.43,603.86,30.24,53.32,0
1441.55,4.55,964.11,29.12,86.22,1
1059.57,4.47,784.14,30.43,95.19,1
1278.43,5.77,661.32,26.51,69.51,1
1204.41,5.4,781.56,29.41,95.91,0
1234.19,8.79,830.08,25.22,71.1,1
929.45,6.47,654.82,35.22,65.43,0
1208.58,4.17,697.09,23.75,62.43,1
1374.3,10.0,743.33,35.42,89.64,1
1707.9,6.12,935.23,27.14,60.64,1
1535.74,7.92,1019.41,21.5,78.82,1
1953.61,4.48,1357.83,32.47,63.29,1
931.43,6.91,469.89,27.5,64.48,0
1505.31,6.78,844.91,30.4,82.36,1
1264.17,1.28,910.94,31.9,65.44,1
1966.43,10.0,1360.79,28.35,65.14,1
917.1,9.23,683.66,24.63,83.59,0
906.1,5.01,612.77,30.9,89.17,0
990.21,3.24,562.4,27.0,77.74,0
456.64,6.87,286.4,29.74,62.14,0
1015.99,6.22,658.67,18.39,63.87,0
934.3,6.89,442.43,28.79,70.96,0
1252.64,6.48,768.3,24.45,73.85,1
1319.61,7.27,874.64,33.61,58.15,1
1856.66,9.62,928.69,29.49,78.68,1
1532.65,7.42,1048.62,27.96,71.03,1
998.08,3.38,623.93,28.95,49.41,0
885.55,9.41,651.47,23.01,58.85,0
1372.17,10.0,634.94,33.49,63.95,0
737.92,10.0,390.8,34.97,69.13,0
1841.01,3.19,1160.69,28.57,92.67,1
1612.8,6.61,869.25,33.36,72.86,1
1035.79,0.79,688.1,24.72,59.91,0
600.4,7.38,406.89,23.81,72.65,0
1673.86,4.63,804.71,27.16,65.77,1
1159.91,10.0,700.77,28.74,73.9,0
1633.24,4.06,984.3,25.42,76.97,0
641.95,1.78,360.0,29.15,84.51,0
990.22,4.82,722.74,28.23,69.71,1
1201.84,1.06,839.18,23.01,89.67,1
1216.44,7.88,801.83,29.08,80.9,0
1042.48,0.84,692.52,30.45,61.51,0
1418.0,6.07,834.51,27.69,96.52,1
826.33,0.81,600.16,31.61,73.92,0
1150.17,5.2,757.25,22.13,59.98,0
1242.1,10.0,830.59,28.87,89.83,1
1380.05,6.9,977.78,22.32,94.93,1
1449.07,3.84,771.22,22.54,69.6,1
806.38,5.92,558.11,24.48,63.96,0
663.06,6.05,337.21,23.23,67.93,0
1647.19,7.18,911.89,24.81,78.58,1
1316.31,2.58,724.87,26.14,85.33,1
938.03,7.48,697.48,30.35,76.85,1
1742.9,0.0,1232.16,25.72,,1
1240.49,4.43,819.16,20.66,87.98,1
1612.75,4.78,1077.51,31.56,66.25,1
1223.63,7.58,756.97,23.65,82.37,0
1921.26,6.06,1410.45,26.77,66.54,1
1814.37,2.49,1086.59,28.79,75.17,1
1112.86,3.54,627.83,27.8,68.64,1
1540.05,6.5,768.35,31.38,69.33,1
1425.88,5.8,977.96,28.92,65.47,1
1679.02,4.55,1125.5,23.55,86.14,1
862.28,4.8,487.45,35.71,61.2,0
1440.12,7.74,658.94,27.78,61.12,0
1570.45,4.71,1101.98,26.41,95.45,1
584.44,5.78,265.0,30.86,81.73,0
785.86,10.0,519.54,28.0,41.38,0
486.27,2.44,360.36,28.6,63.22,0
1105.71,1.37,642.75,36.97,48.26,0
1451.14,7.96,755.31,25.9,58.59,0
1725.82,4.3,1141.57,25.73,32.34,1
1225.93,5.2,852.19,27.47,68.36,0
1770.02,4.05,1086.66,31.29,56.3,1
716.96,5.35,530.63,20.97,70.72,0
603.82,10.0,281.08,19.14,50.5,0
1180.56,8.01,710.03,24.65,70.99,0
1334.42,8.16,888.11,20.46,65.02,1
1188.56,2.46,842.44,25.3,88.02,1
476.4,3.12,240.0,29.01,86.94,0
1168.81,0.0,806.48,23.44,79.42,1
743.44,3.98,457.82,21.29,66.08,0
1434.39,8.39,816.12,27.28,93.82,1
1328.31,7.29,650.23,30.45,51.36,0
871.04,5.45,618.08,20.22,53.16,1
1020.15,5.94,507.2,30.28,68.99,0
829.28,4.28,450.24,30.27,97.05,0
1178.06,6.51,632.64,30.82,67.57,0
1534.3,7.91,1091.54,31.87,67.8,1
855.0,1.96,557.3,35.81,52.7,0
1376.42,6.75,948.36,25.58,81.35,1
1014.41,8.33,532.71,27.44,81.44,0
922.49,4.96,588.06,25.33,79.47,0
1162.54,7.75,722.55,27.01,62.45,0
837.67,10.0,586.24,33.13,61.52,0
1006.22,5.74,726.32,21.62,54.48,0
780.74,6.98,354.18,23.56,71.01,0
1887.65,4.15,1231.14,32.51,57.04,1
1212.34,6.45,564.41,31.08,55.87,0
955.1,7.15,587.06,25.55,64.92,0
1274.89,6.49,683.71,30.42,,0
1160.69,3.45,629.13,28.36,63.54,0
1122.66,6.52,624.07,33.0,75.6,0
1414.96,9.66,900.46,27.3,70.95,1
1465.13,7.12,806.14,31.1,,1
1014.32,8.4,679.4,37.57,72.2,0
998.46,5.41,570.48,29.39,58.1,0
1103.73,7.87,519.31,27.2,71.26,0
394.33,6.7,270.16,29.89,71.81,0
669.68,3.62,358.77,25.54,51.96,0
1678.41,6.8,973.19,36.55,81.95,1
1775.74,3.52,1164.23,27.72,59.42,1
1112.84,4.42,611.77,25.91,71.08,0
1401.79,6.47,654.6,23.66,83.97,1
1308.94,6.74,735.85,31.39,81.11,1
2277.61,3.03,1670.25,30.47,70.41,1
1591.85,8.63,1022.8,25.01,65.65,1
1155.23,7.43,752.57,29.31,81.37,0
865.56,4.24,553.69,20.97,78.1,0
637.74,2.16,325.06,27.74,62.58,0
1271.21,5.64,731.58,28.81,60.46,0
935.28,4.89,631.58,33.83,45.13,0
702.21,6.28,337.35,23.92,71.85,0
973.7,5.09,519.33,21.89,69.01,0
821.46,0.98,437.75,23.42,83.63,0
1790.5,5.03,1037.78,21.65,,1
1508.57,5.24,1122.55,32.35,86.01,1
1197.21,7.58,562.99,33.19,61.63,0
1717.98,4.25,1040.43,28.28,83.66,1
1227.08,10.0,618.21,31.89,63.65,0
898.55,1.22,666.01,27.54,79.33,0
1733.09,9.28,838.8,26.62,52.49,1
1388.62,5.44,793.01,25.67,72.82,0
836.96,8.15,561.91,25.76,46.18,0
1133.38,6.2,749.58,20.81,66.79,0
893.53,8.85,515.41,28.06,75.28,0
716.02,5.03,396.64,26.84,63.75,0
1524.16,3.25,867.68,29.98,57.39,1
1868.3,9.55,988.86,27.37,80.15,1
710.5,5.72,363.49,26.35,68.76,0
1397.04,6.55,831.12,23.52,64.13,1
972.28,9.09,515.85,27.29,70.5,0
1029.51,3.42,552.06,29.95,100.0,0
992.66,7.49,642.28,22.43,83.84,0
897.6,4.53,664.73,27.35,83.95,0
1216.98,5.67,768.03,27.93,75.23,0
909.17,6.18,430.12,24.13,72.0,0
1294.66,2.25,611.95,24.65,41.25,0
1182.42,4.05,869.58,27.92,61.85,0
1116.37,9.38,601.93,22.47,64.23,0
882.35,8.22,421.43,28.4,47.5,0
998.13,5.84,628.54,23.42,56.11,0
1464.39,6.61,932.95,31.25,46.23,0
1375.32,5.26,886.47,36.35,69.54,0
857.86,9.39,454.85,23.56,79.83,0
1234.77,5.5,561.24,29.14,83.28,0
1462.99,6.58,1081.88,24.09,74.98,1
615.71,8.87,323.41,31.16,58.44,0
1390.18,4.06,907.52,21.94,46.82,0
968.08,9.9,640.86,28.92,48.92,0
1399.71,2.17,886.02,23.51,54.77,1
932.86,10.0,507.36,26.17,59.33,0
568.29,5.07,301.95,22.88,68.08,0
630.36,5.39,396.69,30.29,57.83,0
1216.83,1.27,863.74,23.65,74.07,1
1290.9,4.86,947.55,29.21,67.21,0
883.49,3.4,425.64,25.62,70.13,0
1423.51,4.48,706.7,26.54,83.68,1
618.47,5.66,453.6,27.59,55.84,0
1176.87,8.39,789.63,23.95,75.02,1
1940.36,6.52,554.86,27.84,69.83,1
971.86,6.77,496.41,33.12,66.0,0
1216.59,3.26,761.92,23.89,80.62,0
898.86,3.8,593.55,31.69,80.55,0
1065.41,10.0,696.81,32.99,58.64,0
1552.2,4.16,888.55,23.74,67.81,1
998.09,10.0,453.75,21.18,73.37,0
1492.49,5.39,932.63,28.21,66.72,1
804.6,6.01,423.17,24.81,77.02,0
1385.43,8.68,810.58,34.47,73.37,0
1704.55,9.18,1256.72,27.14,91.99,1
334.92,5.72,190.81,23.79,51.64,0
921.09,5.03,646.55,22.41,68.53,0
1401.98,5.86,710.19,31.36,59.1,1
1128.93,6.84,735.77,24.72,77.25,1
1329.9,8.23,988.25,27.18,50.59,0
988.61,6.01,475.09,30.82,74.16,0
1230.31,7.55,556.71,25.06,62.44,0
1145.51,10.0,664.48,26.82,61.19,0
1608.72,6.95,768.63,26.93,52.64,0
1289.05,6.78,869.48,29.73,64.42,0
1318.16,2.2,954.83,29.36,83.01,1
1055.84,0.0,612.61,26.12,69.7,0
1029.34,6.97,543.09,27.25,77.53,0
1048.6,5.76,608.53,25.51,89.98,0
1338.06,4.71,892.53,21.09,73.17,1
1052.66,6.61,476.55,28.03,63.29,0
1301.42,5.85,815.78,34.57,75.61,0
1926.39,8.82,1221.31,23.47,63.47,1
1504.89,6.22,965.1,23.91,63.95,1
1085.89,4.13,567.49,23.52,51.76,0
1620.42,8.48,1076.31,29.9,81.12,1
1057.17,5.46,504.71,28.79,65.37,0
486.66,7.32,248.09,26.37,72.19,0
847.17,4.81,604.24,23.33,57.57,0
545.22,4.38,366.18,27.37,,0
1076.97,6.21,489.08,20.74,60.86,0
1206.45,6.03,632.8,27.57,68.3,0
1786.75,7.2,918.97,30.49,80.53,1
1314.42,5.33,698.28,22.0,79.49,0
1123.31,1.41,588.92,20.87,69.74,1
1490.29,4.92,698.59,33.32,48.78,0
426.1,7.98,250.41,24.55,100.0,0
1282.47,5.26,859.02,31.54,90.95,1
1469.8,5.38,928.94,26.38,78.67,1
682.49,8.47,444.89,26.35,60.96,0
1600.31,4.22,759.1,28.75,68.64,1
1318.47,2.14,969.67,23.46,63.48,1
1054.65,5.6,739.89,27.53,85.17,1
1421.47,4.79,982.99,25.47,73.15,1
1994.74,3.58,1390.13,21.72,60.59,1
1263.65,5.56,922.23,28.35,64.35,0
1286.88,7.23,789.21,25.95,83.45,1
1039.22,5.98,530.09,26.37,89.2,0
902.55,6.77,573.15,22.16,88.34,0
1490.62,10.0,1002.98,33.37,79.08,1
900.37,5.14,604.49,30.51,66.97,0
1225.05,6.7,742.91,30.86,31.1,0
1032.82,4.73,485.98,25.78,73.57,0
1367.64,3.88,767.7,20.08,69.98,1
1316.78,4.54,956.29,34.81,71.68,0
1563.14,4.8,977.49,26.76,70.65,1
1021.49,6.9,624.64,24.0,54.08,0
1105.54,10.0,586.66,28.67,76.69,0
857.43,4.21,480.62,31.67,77.59,1
1044.5,4.96,750.58,26.91,78.19,0
1332.06,5.84,865.75,32.11,81.36,0
1464.95,6.99,1005.27,31.33,77.25,1
877.24,6.66,514.33,22.69,65.08,0
1504.36,9.21,961.4,24.3,69.15,1
1674.47,0.0,878.29,30.83,71.09,1
1344.7,0.03,889.71,16.15,71.29,1
1856.88,4.76,1073.8,26.4,81.98,1
929.17,8.74,541.49,21.28,77.72,0
764.37,2.09,492.86,25.09,94.93,0
577.45,0.0,422.05,25.8,96.48,1
1723.62,7.43,808.72,25.57,70.96,0
1429.03,6.61,996.64,24.79,,0
1180.55,3.27,634.8,22.61,84.84,0
1297.99,3.54,756.96,36.17,63.52,0
806.08,3.58,368.03,34.47,60.38,0
2056.01,6.28,1110.89,22.35,65.22,1
1245.23,4.43,748.12,33.33,64.64,0
1238.29,7.24,578.1,25.4,77.35,0
1454.02,0.0,868.53,27.52,51.29,1
1368.35,3.86,996.34,26.75,57.07,1
1278.36,3.18,615.68,24.36,74.12,0
923.33,5.36,627.25,30.94,77.48,0
1365.01,4.65,782.02,27.5,77.7,0
1858.71,7.99,1201.75,25.09,60.56,1
1670.9,1.35,882.35,21.78,58.26,0
1757.62,6.11,875.02,23.43,63.92,0
1021.07,7.4,508.64,20.43,72.88,0
853.64,10.0,402.19,27.05,87.83,0
1155.97,4.8,584.57,22.21,45.43,0
1219.5,6.81,791.78,25.94,67.35,0
1582.97,1.49,1131.04,32.48,54.01,1
607.64,0.02,421.84,31.8,50.17,0
1735.34,8.11,1137.59,26.87,81.6,1
1144.7,5.99,553.04,26.65,76.54,1
1050.59,8.95,563.91,34.52,75.39,0
845.76,2.57,459.2,29.08,81.05,0
620.8,7.3,325.91,25.69,64.24,0
1488.11,10.0,899.56,21.3,,0
1225.66,7.05,748.47,28.58,96.23,1
748.51,6.69,416.97,30.32,67.04,0
746.72,6.02,415.28,24.47,78.82,0
1082.48,2.07,756.18,28.16,70.08,0
1784.16,9.39,1225.34,25.55,47.82,1
1109.14,4.47,601.53,26.26,45.46,0
673.9,7.26,488.0,17.05,63.05,0
1113.99,2.09,819.72,26.11,,1
1104.55,3.05,605.32,30.88,79.46,0
256.09,9.59,142.47,24.47,80.97,0
1181.0,5.13,710.59,27.21,58.16,0
1119.17,9.63,819.61,23.98,89.39,1
1443.67,5.8,1029.19,28.44,58.42,1
1847.13,1.4,888.05,26.13,72.55,1
1594.3,8.23,905.27,23.24,69.88,1
1105.89,4.53,681.24,32.33,67.91,0
812.72,7.75,488.39,30.72,86.06,0
2100.68,6.06,1067.48,24.58,61.54,1
1220.73,2.14,863.84,28.99,53.8,1
1204.88,6.41,786.88,29.15,70.24,0
1191.56,10.0,835.72,29.57,65.2,0
1269.33,7.23,898.21,20.22,100.0,1
1149.47,5.86,775.33,31.03,78.12,1
999.22,8.69,581.31,24.72,65.09,0
1008.6,6.53,638.61,25.57,57.33,0
1188.54,6.52,592.02,37.55,47.44,0
1009.8,3.27,658.49,28.21,57.7,0
950.5,6.58,478.84,25.45,71.38,0
1237.25,8.59,814.34,18.18,87.13,1
1110.76,3.91,576.35,32.56,83.46,0
1726.4,9.56,837.76,21.62,72.75,1
272.16,5.77,135.97,22.99,66.12,0
1582.03,3.78,712.86,25.67,73.23,1
1636.13,8.49,1089.04,32.67,63.78,1
474.31,5.28,317.66,30.09,90.62,0
1080.06,7.9,652.87,26.37,67.73,0
1070.0,5.27,533.3,28.23,68.96,0
707.37,5.85,336.05,24.6,43.41,0
927.76,7.23,422.82,27.56,67.65,0
811.3,6.73,405.43,27.29,80.04,0
1813.29,1.01,1300.6,30.88,57.19,1
1527.49,3.2,798.05,30.87,60.99,0
1645.04,8.32,915.11,28.98,79.51,1
1452.59,5.67,699.57,25.55,52.28,0
804.83,4.69,415.86,29.97,82.69,0
1016.42,2.6,615.71,26.63,63.61,0
1371.28,3.3,867.1,22.67,65.34,1
772.26,0.95,404.36,25.39,56.51,0
1449.55,5.75,677.4,27.34,74.54,1
1115.89,4.5,633.05,30.64,99.52,1
1068.81,3.58,556.06,26.27,79.38,0
1448.84,5.83,747.41,22.16,59.63,1
1355.49,6.91,1000.3,27.23,83.63,1
1073.66,10.0,681.66,27.45,66.2,0
1605.77,2.22,990.86,27.74,86.49,1
821.63,8.9,472.22,30.68,79.68,0
1415.58,8.43,819.17,31.08,34.68,0
1407.59,4.05,861.82,24.62,57.95,0
1091.66,6.51,719.33,24.54,81.33,1
1314.15,4.86,868.18,22.84,71.82,1
762.11,6.46,382.2,29.8,57.71,0
1523.41,9.77,914.1,32.8,62.4,1
1135.28,7.51,651.18,25.74,47.13,0
1017.05,7.27,723.28,26.03,68.94,0
1567.15,4.92,1002.08,32.87,96.53,1
953.48,2.29,581.39,29.02,79.66,0
707.04,5.48,342.64,28.74,96.29,0
655.18,9.02,413.87,22.24,80.59,0
1412.1,2.18,685.1,29.71,82.33,1
751.85,3.36,414.39,23.28,93.69,0
1814.18,6.32,894.12,22.46,74.53,1
471.32,3.54,309.95,25.61,67.75,0
1793.76,4.02,918.18,24.66,82.39,1
1273.86,4.94,722.99,26.11,87.45,1
1166.15,2.59,838.12,21.24,64.24,1
1009.28,3.56,516.04,30.84,61.34,0
1339.7,7.76,806.96,31.51,71.67,1
1186.83,2.73,683.35,19.21,79.98,0
1586.16,2.01,722.39,30.91,79.58,1
1239.98,4.42,852.89,23.76,52.91,0
1252.61,7.83,589.62,30.43,92.94,1
1072.74,5.51,635.36,26.73,62.31,0
1180.07,4.84,729.52,27.12,66.82,0
1307.73,6.11,835.02,26.26,59.17,1
601.44,1.64,394.9,31.85,100.0,0
728.14,7.24,382.99,22.04,72.9,0
1460.14,6.96,661.44,29.43,59.79,0
1259.8,4.98,840.33,31.41,80.37,1
1135.61,8.51,693.51,29.87,79.23,0
1206.45,3.18,845.52,36.3,67.75,0
1321.65,8.82,920.42,24.88,80.09,0
1011.08,6.39,710.79,30.83,60.1,0
927.59,5.16,552.41,26.58,64.08,0
1268.55,5.95,697.81,31.93,45.88,0
857.57,5.73,589.55,26.97,54.11,0
1342.89,9.05,786.11,25.45,91.69,0
604.1,3.31,305.09,32.22,89.7,0
1560.2,4.09,1102.27,25.03,70.79,1
1365.41,8.59,975.95,21.35,89.96,1
1289.61,4.51,760.73,24.93,,1
1543.94,8.25,729.84,29.48,67.08,1
1782.92,10.0,1009.75,32.57,70.68,1
1555.03,5.0,1074.62,27.44,68.5,1
555.69,7.7,400.4,32.27,67.42,0
752.15,3.12,384.38,21.57,83.72,0
981.31,7.89,461.31,25.23,71.8,0
1209.13,6.5,862.36,25.85,78.55,1
1381.18,7.18,782.88,26.54,82.38,1
945.99,4.39,579.45,27.34,74.66,0
1265.37,1.85,936.9,29.76,58.36,1
935.62,7.26,439.71,25.22,53.77,0
985.97,0.84,635.45,27.56,71.79,0
707.67,5.21,334.18,26.82,67.94,0
876.87,8.35,493.36,23.3,71.05,0
726.91,6.48,502.4,26.55,69.81,0
858.44,10.0,497.93,26.43,100.0,0
1568.77,8.56,1175.25,26.34,54.04,0
867.71,4.37,536.0,27.13,46.12,0
2121.33,6.07,1158.99,27.3,73.99,1
1372.66,5.88,708.34,25.27,65.48,1
1264.69,2.04,702.1,32.09,73.79,1
899.57,3.65,505.35,22.32,77.01,1
1445.11,4.6,680.09,24.12,85.41,1
998.53,0.91,560.05,38.12,51.91,0
1242.7,6.12,732.29,22.85,63.32,1
2096.03,5.38,1397.68,21.58,75.15,1
1166.38,1.82,754.67,29.94,79.25,1
1602.25,7.01,1061.7,18.69,96.32,1
953.89,7.79,431.64,26.06,,0
1187.75,6.57,612.05,35.58,69.32,0
1819.78,5.19,1180.14,20.82,59.31,1
980.56,7.48,583.63,19.07,63.23,0
1834.36,7.7,828.38,21.0,62.89,1
1447.71,6.77,1000.87,30.59,77.86,1
1003.14,3.94,683.98,31.5,73.08,1
1421.34,6.69,873.45,24.95,54.12,1
1540.39,8.99,723.89,29.73,64.77,0
1417.63,4.51,963.93,32.56,80.53,1
650.42,10.0,406.59,34.15,74.22,0
945.5,4.69,647.28,26.01,76.82,0
1113.37,6.08,752.11,17.79,74.6,0
1173.95,4.32,811.08,23.72,89.52,1
1417.24,6.56,858.0,25.29,72.83,1
1262.2,1.64,621.12,25.96,65.37,0
732.63,4.63,477.2,26.25,59.01,0
1333.07,3.27,848.02,31.48,73.0,1
1413.71,6.34,950.97,32.1,,0
1395.93,8.49,699.31,26.31,67.79,0
1578.27,7.62,802.54,31.39,67.53,1
1491.87,0.07,1069.86,28.43,53.63,1
1360.71,10.0,918.47,27.26,58.86,0
1175.44,6.74,849.22,30.63,79.72,1
618.66,4.06,419.22,27.29,72.77,0
1350.37,6.39,849.58,35.23,71.22,1
1272.69,6.44,822.46,21.25,73.68,1
1295.05,4.33,928.21,24.94,71.11,1
753.14,6.49,469.69,26.49,84.91,0
821.63,4.48,525.61,28.76,71.48,0
1568.6,4.99,779.51,32.07,52.5,1
1186.16,4.28,702.41,26.9,89.56,1
1438.53,2.42,956.5,21.31,74.44,1
1209.91,6.36,642.81,30.37,62.93,0
1210.41,7.46,618.13,30.02,54.96,0
1528.4,7.29,831.68,19.23,74.75,1
1019.38,8.05,532.58,26.98,68.59,0
1233.64,6.81,634.68,20.64,88.89,1
1038.2,4.67,599.52,24.34,65.85,0
1047.93,8.1,756.97,23.39,59.95,1
1091.79,2.61,657.39,30.24,80.75,0
1277.75,3.75,647.02,27.47,81.1,0
1032.44,3.59,488.44,21.86,72.02,0
1639.51,8.7,1080.19,30.52,78.12,1
886.89,8.36,500.95,21.26,69.55,0
1134.59,7.22,790.3,28.32,72.81,0
1046.09,8.68,677.72,23.74,83.98,0
1706.44,3.8,1175.52,25.54,77.5,1
1268.79,6.87,674.47,29.02,67.97,1
1561.15,5.69,1026.78,29.09,86.23,1
680.05,8.12,359.9,32.35,41.62,0
1293.47,5.71,946.46,26.67,94.62,1
1511.37,5.04,968.66,28.23,49.53,0
1228.8,7.35,672.59,25.25,62.47,0
1572.92,8.19,834.99,27.73,69.51,1
1018.95,4.33,516.89,28.76,68.24,1
1693.27,5.85,1114.84,26.61,82.08,1
2004.61,3.35,1033.61,19.78,57.31,1
1073.01,0.0,674.48,28.33,73.13,1
1044.07,6.5,552.72,28.46,63.06,0
1708.68,7.52,1108.24,24.28,73.54,1
1752.85,6.66,1217.32,21.86,69.22,1
1017.0,1.13,695.02,32.9,71.12,0
1052.93,5.12,714.16,28.97,63.4,0
1101.38,0.45,557.64,26.08,63.88,0
729.44,9.42,347.59,22.45,73.45,0
878.47,3.28,579.51,23.71,81.32,0
848.55,9.14,475.62,32.21,62.82,0
931.27,8.36,539.86,27.55,59.57,0
1187.86,3.75,545.64,24.8,77.36,1
1281.98,3.17,676.72,29.04,69.61,1
1742.68,6.88,801.81,23.74,79.97,1
850.58,3.89,607.1,33.0,59.13,0
1544.51,6.26,807.81,32.41,48.65,1
1125.1,4.79,694.42,25.13,63.6,0
1182.69,1.55,546.04,24.49,60.8,0
1436.19,0.42,933.6,16.53,69.05,1
807.05,6.57,441.38,21.07,62.36,0
1333.84,4.6,959.53,21.64,78.89,1
1258.26,4.62,901.46,27.54,66.54,1
1372.36,7.74,751.49,25.7,71.81,1
1301.21,8.93,937.25,21.62,71.89,1
2059.36,5.32,1542.14,25.88,72.34,1
976.79,5.15,681.43,29.02,69.71,1
1014.15,7.25,713.42,29.11,76.13,0
981.9,2.61,515.21,19.4,60.45,0
1005.58,6.56,626.49,26.49,86.79,0
976.91,7.38,459.32,21.47,67.16,0
1616.16,7.7,773.29,30.61,54.26,1
1697.18,1.16,1272.32,30.14,72.26,1
2500.6,4.1,548.12,23.41,,0
908.68,3.8,612.86,23.94,77.98,0
1365.0,6.25,944.58,25.15,96.52,1
1006.72,7.2,712.16,17.99,60.56,0
1421.53,9.74,1065.13,28.34,73.99,1
1271.02,4.76,664.04,25.91,48.93,0
669.49,4.76,309.37,30.88,75.45,0
1741.63,8.87,998.57,22.61,59.37,1
1828.56,6.74,894.21,24.52,62.5,1
985.52,9.17,450.12,20.97,56.78,0
1064.3,6.72,594.02,22.98,78.79,0
1300.05,3.11,890.69,22.27,82.09,0
1317.06,2.67,816.39,30.98,70.28,0
1430.49,2.12,777.95,24.21,59.63,1
1903.57,7.66,1230.28,27.5,89.07,1
1138.07,8.97,591.35,25.48,61.0,0
920.6,10.0,418.24,21.92,44.06,0
717.24,8.11,487.22,26.33,75.5,0
944.17,8.91,601.56,29.4,56.74,0
1188.41,4.55,806.56,22.17,81.86,1
1828.1,3.11,844.0,30.24,65.43,1
1018.84,8.13,714.34,23.6,77.24,0
1278.33,7.04,812.83,25.07,86.82,1
1194.25,6.27,739.26,29.12,55.49,1
1615.94,6.97,1029.97,24.35,63.21,1
2084.43,6.81,1478.55,27.15,69.09,1
1014.2,9.21,634.97,25.74,88.45,0
1028.7,9.24,642.2,27.52,62.1,0
1565.46,7.36,1169.71,17.48,62.87,1
1438.66,8.11,974.0,19.68,75.74,1
1846.35,7.29,1075.84,29.46,63.07,1
1404.37,4.85,930.0,31.15,71.83,1
1074.25,7.89,608.85,23.36,51.38,0
1406.73,2.51,729.62,26.02,96.57,1
1588.05,8.63,998.97,28.18,53.83,1
1487.17,3.01,1083.33,29.77,66.14,1
1377.55,6.71,1003.88,18.89,69.61,1
1573.34,3.89,869.38,23.46,92.95,1
1609.25,7.38,978.91,25.67,54.1,1
1683.76,5.92,864.59,29.81,93.8,1
1427.05,2.01,1068.42,36.99,79.09,1
1141.51,7.05,849.67,26.09,75.01,1
1251.35,4.56,806.94,21.37,58.18,0
1622.28,8.2,1121.52,28.61,76.85,1
914.07,6.0,607.43,32.28,61.32,0
1329.04,6.99,834.56,27.43,85.2,1
1062.33,3.61,495.05,23.37,58.35,0
1210.06,4.53,709.62,30.83,68.64,1
1647.46,4.85,1074.86,29.65,63.34,1
1266.88,8.14,827.6,22.9,58.15,1
1216.25,10.0,683.46,28.53,78.9,1
724.05,3.99,530.37,30.99,76.43,0
1461.19,8.69,730.9,31.73,84.51,0
1425.92,0.58,855.71,26.73,48.64,1
1957.14,3.01,1286.36,25.57,82.77,1
1092.28,3.6,719.96,31.91,100.0,1
1276.7,2.62,822.95,22.16,64.58,1
1287.28,2.04,685.59,28.75,92.74,1
1752.11,7.03,870.56,21.52,66.84,1
1166.65,5.46,747.57,31.26,53.53,1
1297.66,6.95,817.25,25.97,66.33,1
1412.76,7.73,711.76,32.07,82.58,1
1265.31,6.66,837.06,28.97,59.94,0
1043.75,7.64,612.21,22.11,62.8,1
1267.93,5.83,824.57,32.7,77.12,0
1575.77,3.03,1104.95,33.2,70.04,1
840.72,8.64,421.13,30.53,,0
1246.54,4.53,568.1,23.95,72.85,0
954.96,3.66,652.93,25.78,75.76,1
1618.27,5.56,1024.22,27.58,64.81,1
1667.21,3.72,440.07,24.19,72.78,0
1004.38,4.96,704.52,33.77,58.87,0
1332.02,6.86,920.22,27.58,85.46,1
1747.93,6.87,1290.46,16.19,62.39,1
1176.99,3.76,718.88,28.36,83.55,1
1005.68,4.78,599.94,25.61,67.2,0
1858.4,8.69,1060.34,26.7,72.42,1
693.2,7.24,343.9,25.53,64.06,0
430.42,10.0,267.63,30.23,57.81,0
1354.01,8.95,721.83,31.48,49.06,0
1024.28,8.86,744.03,28.13,57.34,0
842.57,2.53,526.57,25.64,66.11,0
1447.92,7.91,909.08,26.83,72.54,1
1285.33,5.87,715.26,27.08,82.12,0
1002.57,4.62,466.79,23.79,64.65,0
751.89,6.42,345.51,29.32,59.42,0
1505.36,8.36,868.59,28.84,52.69,0
1427.57,7.25,678.62,33.16,75.76,1
1165.29,3.8,736.53,32.02,86.6,1
1846.32,7.86,1318.81,24.26,85.2,1
825.47,4.41,590.11,30.28,78.52,0
666.07,6.54,431.42,23.2,77.66,0
957.83,5.24,491.72,29.78,90.37,0
1184.04,5.45,839.37,24.93,73.98,0
1285.17,7.92,919.96,22.91,77.75,1
1115.57,3.4,567.82,28.12,66.15,0
1323.22,10.0,888.18,16.3,53.66,0
761.96,1.45,408.38,20.0,61.79,0
1705.32,4.51,1178.02,26.29,69.89,1
1171.25,6.93,877.46,27.33,70.73,0
1591.05,7.46,730.31,25.52,93.12,1
1319.95,5.75,949.32,20.68,70.98,1
1359.86,5.86,865.95,23.73,84.15,1
1399.42,7.03,1038.39,28.56,64.78,1
1356.7,5.42,799.78,29.33,66.26,0
1424.95,9.48,1003.48,26.94,54.05,0
1665.2,8.1,780.51,31.63,61.09,1
1268.78,8.18,698.57,28.59,76.32,0
1448.15,3.58,680.78,24.01,70.09,1
1168.59,5.8,867.8,25.88,81.32,1
1704.04,5.25,1184.47,21.39,72.18,1
963.26,3.49,679.84,26.57,65.77,0
1830.33,6.9,1338.68,31.45,95.78,1
1185.94,4.66,563.95,29.74,68.87,0
699.23,7.64,395.54,32.61,83.96,0
1244.84,3.32,586.7,25.79,65.19,0
961.63,10.0,493.55,32.38,78.52,0
1494.23,3.76,775.22,26.23,81.14,1
971.58,6.55,573.94,32.89,72.5,0
1043.84,7.98,553.83,26.91,41.75,0
538.66,4.57,258.72,29.83,70.22,0
1041.69,8.13,521.1,32.9,84.77,0
351.64,2.93,173.78,26.23,76.33,0
645.63,9.63,479.01,27.87,75.35,0
1466.15,6.04,993.74,32.16,49.33,1
1475.03,4.51,1092.01,26.47,61.35,1
1348.91,5.25,784.96,21.72,74.94,1
861.56,8.02,459.65,35.57,74.92,0
1183.3,4.54,815.87,25.12,84.58,1
1198.74,4.13,656.76,27.64,68.26,0
794.57,5.45,428.92,31.62,74.87,0
1726.19,3.06,897.19,24.57,70.2,1
1507.08,10.0,736.82,22.97,58.16,0
1122.66,4.58,591.57,28.01,42.93,0
1209.41,8.08,673.15,19.83,75.17,0
1272.93,6.52,830.21,25.85,72.09,0
485.39,3.54,227.54,27.98,62.58,0
1113.49,5.99,571.39,25.92,50.57,0
961.31,7.96,665.9,20.83,77.56,0
849.43,5.53,419.68,33.38,66.81,0
1101.61,8.98,608.97,27.41,76.68,0
1829.19,8.55,1297.62,32.72,92.37,1
1424.3,8.3,707.13,25.96,44.3,0
1000.09,4.85,474.86,23.48,61.6,0
1400.4,3.3,833.75,28.08,67.49,1
1689.77,4.47,913.7,26.14,87.46,1
1523.62,6.49,943.16,22.29,50.36,1
1220.87,7.36,843.79,32.88,93.23,1
973.57,0.57,478.16,24.51,71.63,0
1444.38,5.98,901.59,19.64,68.85,1
1337.72,6.4,804.84,32.31,67.62,1
1513.32,5.31,746.4,24.98,64.76,0
1422.31,9.23,906.3,24.57,82.58,0
1567.34,7.05,833.97,19.94,57.18,1
1012.67,9.28,603.9,33.96,74.14,0
4152.72,5.46,788.49,21.84,65.39,1
1269.16,8.34,746.11,27.23,60.85,1
1926.34,10.0,1043.96,30.65,100.0,1
958.78,9.28,668.0,28.69,75.03,1
1807.59,3.27,844.31,26.76,,1
1269.27,5.37,730.57,20.19,83.65,0
972.0,5.14,571.08,23.76,52.94,0
1030.64,7.22,687.95,27.75,91.03,1
1087.88,7.72,676.97,23.85,39.89,0
1348.46,3.9,876.72,27.81,60.77,0
1382.99,6.17,944.74,29.73,64.49,1
999.2,0.95,708.1,30.85,76.98,0
1191.48,9.6,648.36,22.1,72.62,0
1949.79,4.72,1192.12,35.79,68.0,1
1804.64,6.14,1266.92,30.07,69.86,1
1352.71,5.23,1010.25,26.99,58.26,1
1213.3,8.87,869.76,31.36,52.03,0
1242.01,0.0,697.31,36.46,78.72,1
1414.73,5.96,719.46,21.25,78.32,1
842.02,5.74,502.53,26.1,89.01,0
1109.92,4.87,746.41,17.49,60.52,0
616.0,10.0,368.22,27.77,78.31,0
1339.73,3.78,797.08,28.46,66.6,0
1426.52,7.93,1000.66,26.84,84.29,1
1030.88,6.89,575.67,24.38,82.26,1
1750.9,9.15,1239.53,18.8,72.53,1
770.98,4.33,441.03,28.49,65.93,0
687.47,4.17,377.06,32.82,81.53,0
1278.56,8.74,749.49,24.64,77.76,0
1566.48,7.06,1063.23,28.76,61.79,1
1789.37,2.14,872.86,20.73,54.07,1
1039.39,4.65,528.97,28.83,66.54,0
1577.54,6.97,1160.17,25.43,88.18,1
1186.52,8.09,596.4,23.95,,1
1139.58,4.3,706.9,23.96,56.65,0
1509.28,0.0,941.48,25.43,55.99,1
1428.31,7.31,852.54,28.53,85.3,0
648.26,2.95,417.11,21.75,56.37,0
1716.79,0.96,890.92,25.41,76.11,1
1683.03,0.0,1036.41,26.83,62.61,1
2452.63,8.03,551.01,22.6,89.4,1
1338.53,6.32,868.04,34.19,60.75,1
1372.91,5.44,675.98,23.59,83.72,0
1291.24,9.47,802.2,24.32,72.22,1
1007.39,7.59,509.32,23.09,73.03,0
964.93,10.0,514.88,34.19,46.36,0
1191.06,2.52,614.12,29.21,43.57,0
1610.46,5.91,813.04,23.25,67.35,1
1390.26,1.96,970.0,31.42,72.96,1
1070.28,5.43,573.36,27.8,56.5,0
1470.09,5.38,1070.43,28.03,56.94,1
203.01,7.57,150.43,25.62,76.74,0
1602.07,6.11,995.49,24.0,76.75,1
591.1,7.56,291.35,28.35,68.35,0
1073.15,7.76,603.5,24.82,79.36,0
808.12,10.0,557.05,34.27,55.91,0
746.86,5.21,418.4,21.92,65.73,0
1606.29,3.65,764.76,33.14,89.77,1
1036.3,6.62,639.44,26.55,70.82,0
1321.28,3.99,929.57,28.2,71.52,1
1183.58,9.7,815.22,30.33,97.67,0
1366.96,5.29,686.95,24.48,53.21,0
1226.89,4.59,799.72,30.46,79.56,1
750.95,4.82,387.61,16.17,89.97,0
1548.69,7.8,798.29,24.12,66.1,1
1027.19,5.61,731.58,23.3,80.32,1
655.2,4.4,343.91,21.99,58.22,0
1050.16,10.0,555.51,26.14,61.76,0
1725.27,3.86,776.71,28.54,74.62,1
1497.58,6.09,1065.08,29.81,79.58,1
1077.97,7.63,741.41,27.96,83.45,1
1077.76,1.92,687.82,24.34,88.84,0
1087.43,7.2,734.1,28.48,69.19,0
1926.86,3.36,954.98,27.5,84.32,1
1333.68,8.06,783.53,30.74,65.89,0
1350.51,3.59,750.03,30.11,80.83,0
1560.6,7.73,746.17,27.12,72.49,1
1283.58,8.76,764.8,23.41,75.35,1
1109.34,8.15,805.62,24.39,75.08,0
1131.28,6.63,522.67,24.8,50.74,0
1174.94,5.42,631.46,25.74,56.51,0
1186.97,4.56,608.04,28.07,71.23,0
1454.67,9.68,758.53,29.86,49.75,0
1218.18,4.25,880.17,26.8,79.97,1
1456.42,3.41,859.9,27.06,80.46,1
1171.75,7.66,691.2,27.57,73.93,0
1227.52,4.01,832.47,24.94,56.55,0
500.63,3.62,248.49,23.3,86.56,0
1520.71,2.39,906.62,19.98,94.45,1
1321.27,4.79,765.01,24.22,71.76,1
1549.3,5.79,974.63,28.89,76.13,1
200.0,6.61,149.97,24.19,72.42,0
1930.93,8.38,1314.64,26.05,76.36,1
1151.14,7.32,655.41,28.87,68.57,0
1587.86,5.52,1108.75,29.08,69.59,1
836.03,5.5,419.03,22.68,80.87,0
1414.47,7.28,649.44,30.99,98.15,1
831.3,9.18,425.07,31.51,53.2,0
981.68,6.32,542.01,22.48,68.75,0
1869.91,4.83,1127.88,23.7,55.83,1
1133.26,3.52,719.1,31.76,89.1,1
1276.1,2.39,922.85,26.41,62.95,1
1504.52,7.67,907.16,18.12,52.68,0
1373.49,7.44,824.62,21.4,77.66,1
1252.65,7.44,582.57,26.0,90.93,0
1327.74,5.68,611.39,22.35,77.96,1
2041.2,9.52,1256.05,25.35,72.46,1
1179.83,4.79,686.02,27.13,74.91,1
1270.38,8.39,891.5,32.85,86.98,1
1567.73,5.9,781.05,25.84,59.51,1
1586.93,4.48,726.01,31.29,68.66,0
1615.46,7.48,944.58,32.72,64.57,1
1423.56,7.02,742.02,32.74,55.99,1
799.95,6.89,371.88,28.14,66.06,0
4429.25,6.2,1182.4,19.15,83.29,1
1996.95,5.91,386.19,28.84,76.8,1
1305.92,10.0,825.99,31.19,77.73,0
936.0,8.96,500.12,26.68,71.76,0
1177.55,7.81,591.19,33.98,76.28,0
1315.07,6.28,741.6,30.44,60.39,0
1312.48,8.52,906.18,29.27,66.29,0
1347.67,7.29,764.98,31.35,72.3,1
1764.8,6.07,1191.65,28.33,73.33,1
1358.74,5.24,662.58,17.03,73.84,0
1114.55,5.8,759.93,25.0,68.34,0
1537.43,0.0,801.12,31.79,65.47,1
1616.31,6.53,1055.81,23.77,100.0,1
770.34,4.78,477.4,26.11,80.88,0
1409.09,9.98,1026.87,22.82,74.96,1
1445.41,6.05,818.39,34.14,67.2,1
1095.85,3.03,514.89,33.73,64.59,0
1681.5,5.88,766.34,23.46,68.43,1
1147.48,3.38,801.01,27.59,73.51,1
1243.95,7.18,755.6,24.28,47.43,0
1139.42,6.73,777.74,29.46,51.17,0
1205.45,8.39,627.23,29.04,62.36,0
816.3,4.02,451.84,30.25,72.49,0
695.98,6.09,319.48,28.33,67.13,0
1758.08,2.59,1298.25,38.74,87.74,1
903.56,7.75,587.64,22.89,52.21,0
853.01,7.3,622.67,20.16,60.98,0
446.31,7.24,236.39,25.43,88.24,0
976.36,6.0,618.47,20.73,71.57,0
736.92,7.04,481.61,21.03,80.62,0
1774.71,10.0,967.68,22.99,94.61,0
1553.44,5.29,1094.29,23.31,61.67,1
959.15,6.35,704.16,23.18,68.81,0
1988.35,3.28,1422.58,29.07,66.73,1
1543.62,3.83,1036.88,24.98,46.54,1
1086.31,6.24,579.26,26.28,66.28,0
325.21,8.76,173.82,30.58,80.57,0
2001.83,5.36,1479.37,23.93,76.49,1
713.65,5.41,323.34,25.94,77.43,0
624.11,4.98,414.92,28.46,65.49,0
1557.9,4.66,1031.13,19.23,62.13,1
2053.91,6.74,1307.95,17.46,85.23,1
1684.5,2.26,1258.37,28.38,64.03,1
1397.37,9.2,759.56,28.97,73.53,0
1408.16,4.34,777.29,35.26,71.96,1
1498.7,7.8,709.9,27.63,87.54,0
1465.63,2.83,854.22,30.28,81.66,1
1298.42,7.67,685.97,26.22,54.46,0
1236.47,7.68,683.79,28.19,55.75,0
1178.09,6.96,825.1,33.67,76.95,1
936.11,3.51,683.97,18.5,69.23,0
1101.76,6.62,557.18,28.65,64.54,0
607.47,3.04,341.25,35.54,82.19,0
1165.58,5.37,849.23,28.13,,0
853.99,8.57,400.13,33.6,70.63,0
813.74,7.99,388.73,24.48,79.36,0
1262.96,6.04,630.01,26.87,65.5,1
1687.2,3.56,1060.51,27.13,88.82,1
1521.41,7.61,753.31,18.13,60.54,1
650.32,6.05,481.52,22.33,77.88,0
853.63,0.2,498.53,22.61,87.21,0
1529.27,7.96,918.26,30.29,53.47,1
856.13,5.94,448.61,30.49,65.88,0
1121.38,9.01,663.06,28.3,83.71,0
1392.52,3.26,903.15,30.3,83.89,1
861.08,0.0,581.53,26.34,67.94,0
1236.88,6.7,836.33,31.81,61.18,1
733.09,6.73,456.99,27.04,81.47,0
989.52,1.77,713.75,27.23,84.2,0
1311.92,3.55,912.08,25.94,56.02,1
642.45,10.0,435.01,29.74,55.55,0
1354.17,5.24,631.96,25.32,72.7,1
1193.13,7.83,539.37,30.91,77.55,0
1393.37,4.37,715.82,22.47,66.41,1
1278.37,0.77,829.74,22.6,78.15,1
1677.45,5.57,961.78,29.75,61.48,1
1243.83,5.34,709.88,26.65,44.62,1
1049.71,5.0,750.94,25.18,64.91,1
1242.8,5.71,893.16,30.56,70.76,1
1390.15,6.66,1004.74,24.57,66.69,0
1217.1,5.62,662.3,26.2,56.1,1
1214.21,2.84,798.12,32.6,48.21,0
954.3,7.22,507.2,33.16,63.83,1
967.98,1.13,490.95,33.29,80.77,0
709.09,0.87,358.37,25.87,85.07,0
1812.35,7.85,1001.56,31.92,84.25,1
764.65,7.27,442.72,23.2,60.21,0
957.48,5.86,669.55,23.37,56.16,0
948.56,2.51,460.97,17.6,75.96,0
1513.22,4.23,1014.58,33.69,77.62,1
1096.77,5.34,668.41,23.54,74.8,1
1636.71,2.01,877.9,26.49,45.83,0
964.28,4.15,576.49,23.36,59.6,0
1297.65,7.63,700.71,29.78,69.64,0
907.63,9.57,570.74,25.5,75.85,0
1950.8,4.95,1131.76,21.78,79.21,1
784.34,7.89,391.64,28.77,71.73,0
1308.44,1.21,634.56,21.27,73.97,1
1421.82,7.65,873.01,23.65,71.02,1
1344.83,3.99,969.25,18.57,78.23,1
1135.15,6.77,627.95,21.3,73.75,0
1154.56,5.38,773.44,27.71,70.79,0
1215.33,9.3,787.05,19.14,66.78,0
1148.55,3.81,837.83,21.08,,1
1537.36,7.57,1070.45,26.99,75.82,1
1973.68,5.3,1223.65,24.83,73.21,1
1004.88,5.6,650.27,34.97,74.57,1
720.57,5.54,518.46,34.34,86.11,0
1169.1,3.89,666.22,23.53,73.18,0
2102.9,5.96,1152.47,29.23,62.21,1
918.71,5.84,416.4,30.0,80.6,0
1773.69,6.6,1237.97,24.61,53.61,1
1787.2,6.21,1233.69,21.02,57.02,1
1006.24,7.99,484.34,26.95,74.03,0
3497.86,8.31,871.75,26.31,76.2,1
1769.94,3.37,1042.84,25.26,55.06,1
1067.31,8.17,518.3,28.77,65.41,1
1128.75,3.03,839.98,24.0,62.73,0
996.41,7.47,512.56,22.39,64.16,0
844.84,7.55,397.22,27.44,81.32,0
972.75,1.22,611.33,28.54,78.48,0
771.62,6.23,518.27,22.29,69.77,0
1211.93,4.83,557.16,30.71,63.45,1
930.51,4.1,602.61,19.92,53.8,0
1281.83,9.38,781.51,24.69,87.04,1
655.44,4.37,315.25,25.97,77.11,0
1315.81,3.98,660.22,24.46,61.52,0
1491.74,6.19,925.46,24.74,78.64,1
502.19,7.71,270.64,34.48,69.16,0
1330.92,5.65,973.56,23.6,66.55,1
1629.68,8.92,1133.64,36.76,75.22,1
776.63,7.33,578.64,28.75,61.1,0
1785.4,0.55,942.52,27.37,65.87,1
1346.66,4.68,997.76,28.9,71.46,1
953.25,4.6,552.28,37.12,64.01,0
1180.48,7.2,654.29,23.03,78.03,0
1395.41,0.0,649.01,22.52,92.43,1
1226.6,10.0,571.39,23.98,60.95,0
1388.56,7.33,913.12,27.13,50.02,0
877.76,6.37,515.58,20.1,45.98,0
1259.28,8.95,652.25,27.09,68.19,0
705.2,10.0,447.23,33.77,62.04,0
1161.07,8.18,610.56,27.61,72.49,0
883.63,8.37,550.76,25.83,71.59,1
942.56,6.33,525.73,24.53,50.76,0
1632.63,5.65,1138.05,30.59,48.22,1
1581.96,4.81,1101.37,23.7,73.55,1
1413.2,3.93,838.32,34.39,71.63,1
817.69,4.28,454.02,34.73,64.89,0
1089.26,2.62,608.64,28.03,50.11,1
1624.58,5.81,1123.75,26.95,75.66,1
1249.6,1.79,685.35,31.12,85.26,0
2011.77,6.48,1031.47,31.38,73.34,1
1337.66,5.91,635.93,23.78,,0
1267.22,6.37,747.67,24.89,70.53,0
1091.81,4.69,649.23,21.71,53.61,0
1246.74,10.0,875.55,28.64,82.7,1
1146.64,9.4,592.09,29.67,70.98,0
1447.84,2.89,817.01,21.6,48.78,1
1534.85,6.58,1062.91,25.18,66.39,1
924.9,4.48,644.74,21.61,75.56,0
734.07,3.46,415.03,23.4,66.0,0
557.33,2.65,327.56,29.2,66.69,0
1377.8,7.08,745.37,24.07,55.31,0
813.82,4.3,593.9,25.8,76.8,0
446.49,8.42,216.81,20.49,62.22,0
1336.0,8.48,975.45,27.75,44.12,1
2072.55,9.43,1357.85,26.82,65.54,1
1197.88,3.87,730.07,24.08,81.77,0
1493.47,7.19,686.69,26.24,65.36,1
1228.64,7.58,728.19,27.72,90.86,1
1165.39,4.81,666.98,23.74,,0
1521.68,4.07,758.35,21.09,74.07,1
1098.4,10.0,710.58,34.22,68.46,0
1293.59,6.57,958.99,24.47,69.18,1
1312.59,7.59,812.05,26.61,66.84,0
966.17,3.94,641.95,31.04,66.37,0
1547.21,2.95,728.02,41.12,76.37,1
1138.76,4.58,655.13,22.02,58.77,1
935.49,5.69,453.63,28.8,57.09,0
1387.78,3.34,879.63,24.17,56.52,1
885.54,5.98,647.81,24.84,94.55,0
1209.86,1.78,784.64,24.12,76.36,1
1196.81,3.2,566.14,22.5,73.65,0
1580.06,7.68,879.15,26.83,57.31,0
1366.14,7.51,840.45,21.1,77.48,1
1191.24,5.02,680.15,30.79,68.6,0
1486.22,3.46,1040.49,27.22,72.57,1
1686.57,3.43,1171.16,28.69,58.28,1
1395.23,5.07,883.95,25.14,71.92,0
1203.62,7.61,676.48,25.53,64.91,1
740.86,8.32,390.14,28.15,60.81,0
827.21,4.76,398.52,22.34,78.81,0
1093.17,3.12,608.32,25.57,51.55,0
986.67,6.67,566.3,23.56,76.78,0
1134.56,3.94,740.58,23.44,78.21,0
1219.83,4.7,789.77,18.56,59.44,1
1385.39,9.31,652.56,32.36,60.16,0
1175.33,8.07,668.26,24.25,67.32,1
1370.28,6.39,691.35,31.65,73.38,1
1222.57,2.82,607.67,31.28,68.17,1
508.59,6.53,355.09,21.86,75.2,0
871.23,8.66,403.01,22.65,91.16,0
1149.57,5.06,661.87,37.24,63.91,0
776.61,9.38,388.66,34.0,49.42,0
1409.98,9.23,1006.44,26.87,79.91,1
1735.76,10.0,1071.16,28.03,90.2,1
1626.57,6.76,844.86,24.48,74.71,1
1125.29,7.47,676.0,28.73,56.95,0
1721.75,9.54,1152.62,24.13,68.51,0
1252.03,7.12,923.29,18.87,56.58,0
1082.02,4.75,558.47,21.71,77.71,0
985.31,4.88,705.34,27.08,53.78,0
1094.14,6.6,799.04,22.48,66.4,0
1064.14,2.77,771.42,26.73,57.95,0
1259.65,5.64,806.96,22.7,71.52,0
1256.2,8.74,802.64,23.87,65.6,1
1201.07,0.52,685.76,30.41,72.12,0
1352.93,9.84,914.2,27.99,70.27,1
1616.73,8.81,985.21,26.96,58.16,1
1532.34,4.85,1000.98,30.52,77.52,1
680.29,7.36,393.57,28.92,69.41,0
306.13,6.01,204.94,32.79,58.14,0
3817.53,9.07,1064.85,25.16,96.89,1
721.59,8.46,356.42,25.28,75.72,0
1121.33,2.5,784.8,21.8,68.16,1
790.46,7.47,483.83,25.28,86.98,0
569.31,5.49,400.45,30.86,92.1,0
1389.51,6.21,805.07,32.2,68.26,1
1465.7,4.18,826.24,30.84,74.17,1
998.22,10.0,723.23,19.82,58.14,0
293.14,8.6,154.0,31.33,68.23,0
1008.81,4.15,709.46,19.65,67.61,0
1337.13,2.66,795.87,30.59,72.22,1
682.38,5.04,412.31,25.53,73.99,0
1264.18,7.09,685.87,29.81,76.72,0
1194.64,6.6,742.96,21.67,72.85,0
1402.75,9.13,768.1,31.68,55.47,0
1241.85,7.97,573.46,21.14,58.74,0
859.43,8.42,456.87,24.33,63.44,0
1618.8,6.82,731.56,23.01,66.61,0
1144.51,2.53,850.95,19.98,82.61,1
1190.44,5.51,880.6,27.38,56.04,1
873.36,8.65,496.54,34.22,65.71,0
1044.85,5.87,698.49,37.67,81.44,0
890.32,7.26,493.01,27.39,66.4,0
1139.47,5.2,742.17,31.47,75.52,0
1799.1,3.43,1244.31,27.93,68.33,1
719.83,5.69,528.38,29.0,73.08,0
635.25,6.77,362.13,25.63,67.26,0
1714.91,4.36,1174.69,27.78,78.0,1
1126.74,5.41,596.92,29.15,51.46,0
965.82,3.65,721.57,24.69,65.64,0
1563.97,8.8,715.88,26.69,73.56,0
988.03,5.26,623.51,26.77,76.4,0
1839.1,9.63,1191.47,30.31,87.92,1
1437.27,9.82,943.45,22.74,65.31,1
1029.23,5.8,500.33,26.79,87.75,0
1955.06,3.48,1430.24,34.65,62.09,1
988.0,0.79,498.3,31.66,85.94,1
1459.73,2.32,929.6,32.4,79.81,1
1304.75,2.57,674.3,27.1,59.04,1
1655.61,9.45,897.61,28.28,73.68,1
1746.53,6.29,1072.26,31.01,69.39,1
1211.2,6.97,696.63,33.24,77.51,0
936.3,0.45,466.34,19.19,67.32,0
1360.99,3.01,682.24,21.74,66.31,0
962.8,8.22,554.04,32.24,86.43,0
1904.69,6.72,1289.82,25.89,68.82,1
1247.79,5.63,897.64,24.31,79.92,1
1072.14,7.41,509.52,21.98,67.3,0
1264.64,10.0,718.23,24.78,90.0,0
728.51,5.45,349.74,21.39,61.86,0
859.94,6.17,391.25,35.36,62.63,0
1620.14,6.48,1050.69,26.91,88.29,1
970.09,10.0,611.87,26.77,64.66,0
833.58,0.75,415.88,29.35,89.21,0
1387.83,7.71,721.87,30.85,80.7,1
1615.0,5.71,738.23,30.78,68.14,0
1451.63,7.42,1016.85,31.29,48.24,1
1548.62,4.36,1149.7,24.48,69.77,1
935.12,5.88,458.81,25.81,71.22,0
702.37,7.78,364.84,30.08,84.01,0
1725.47,10.0,1225.98,24.89,89.06,1
1087.06,8.02,791.32,26.98,61.78,0
1112.21,3.88,640.51,28.6,79.61,0
1664.87,4.94,774.47,30.14,,1
1394.68,4.87,644.09,19.89,82.88,1
1359.56,1.51,845.9,29.86,75.98,1
1957.75,5.17,1111.75,26.07,46.69,1
974.77,7.83,447.02,29.83,68.13,0
1524.74,2.81,952.93,30.11,56.13,1
1219.95,8.62,553.12,33.43,67.57,0
1294.01,7.22,887.96,32.41,81.76,0
1734.96,4.16,940.23,32.39,73.66,1
1377.74,5.65,636.62,32.77,83.78,0
1388.4,10.0,869.84,28.17,74.1,0
1575.38,7.83,896.87,27.13,54.42,1
1072.27,6.02,795.77,30.49,39.75,0
906.28,5.41,555.78,29.93,71.79,0
834.32,6.19,444.33,25.76,67.43,0
511.78,4.72,339.22,28.62,58.28,0
1919.67,0.74,1020.21,26.86,49.59,1
813.88,10.0,587.03,23.58,61.18,0
1122.56,6.39,631.35,32.16,67.67,1
1103.12,7.0,678.37,27.22,77.99,1
1307.59,5.86,608.26,35.19,72.26,0
1485.51,4.16,858.38,20.5,89.3,1
1501.17,5.54,1050.38,24.77,57.57,1
995.92,2.0,688.87,27.13,80.57,1
1141.51,10.0,590.5,31.55,70.57,0
1298.9,2.91,672.6,28.6,78.34,0
1112.96,3.42,773.72,28.24,64.76,0
1762.57,4.9,1285.12,22.49,82.86,1
1371.84,9.22,656.57,22.37,73.54,0
3643.02,6.04,852.49,28.29,61.85,1
1432.01,2.91,789.38,21.54,69.86,1
1610.72,9.14,1145.55,24.87,67.13,1
1263.36,7.83,600.17,29.0,75.87,1
746.11,7.35,383.01,23.07,55.84,0
3349.73,7.79,905.42,33.42,69.65,1
972.03,10.0,452.37,31.9,74.74,0
1014.98,10.0,606.72,20.71,70.4,0
1405.23,4.28,818.73,23.27,86.16,1
1633.4,10.0,898.89,17.86,79.29,1
1207.45,6.96,686.28,23.87,69.91,0
1308.09,7.25,796.6,30.07,72.6,0
1795.78,1.77,895.03,25.34,,1
1284.26,5.57,798.3,28.84,74.84,0
2110.59,3.97,1459.75,20.91,48.09,1
1397.93,8.07,947.86,30.19,66.38,0
583.73,8.68,289.63,24.78,52.19,0
1463.67,0.81,724.19,27.05,85.34,1
1333.41,5.94,707.31,26.63,69.27,1
1651.41,8.8,922.02,21.91,67.68,0
1435.61,5.53,821.94,22.39,80.76,1
1151.54,7.82,753.0,30.87,75.07,1
771.5,6.88,360.29,28.6,56.46,0
1126.84,6.85,518.8,31.2,69.15,0
902.32,5.32,512.13,28.3,65.98,0
996.82,2.96,657.05,27.57,49.07,0
1406.0,3.2,714.29,20.1,61.72,1
1784.47,7.77,1146.43,25.92,67.8,1
1338.14,6.05,706.47,26.89,68.62,0
781.44,5.65,559.38,34.81,52.21,0
1355.61,4.94,974.29,29.75,83.82,0
1618.82,5.24,872.85,33.14,68.77,1
986.58,8.62,512.03,29.39,70.45,0
1153.09,5.16,661.17,24.15,74.81,1
1205.14,2.65,629.28,27.47,60.54,1
925.29,7.86,603.02,27.94,,0
1426.9,5.49,995.72,23.24,,1
1157.67,6.08,754.72,25.46,59.24,0
1346.84,10.0,939.16,26.18,76.88,1
889.38,5.95,506.14,33.42,87.9,0
1046.89,6.72,520.19,18.68,78.7,0
1452.83,3.05,975.41,31.82,81.08,1
1069.51,5.45,596.94,23.25,63.75,0
1804.44,7.52,1175.38,21.51,50.83,1
1060.13,2.11,563.13,31.72,87.88,1
1278.64,6.5,606.55,29.93,94.65,0
1526.41,6.25,1141.41,32.02,88.51,1
703.57,6.1,349.58,30.2,65.97,0
583.72,8.59,435.76,35.24,56.14,0
666.02,6.84,494.98,29.23,57.21,0
1641.9,9.7,1129.87,26.37,49.8,1
1006.85,3.52,652.26,28.37,68.71,0
2095.37,6.34,1306.13,31.97,89.27,1
1002.51,6.21,711.61,23.88,68.3,1
1264.59,3.33,678.87,24.39,73.63,0
1739.74,8.39,1026.98,25.76,86.51,1
1902.13,10.0,1209.41,18.58,65.15,1
1921.53,5.96,1101.72,27.55,,1
1622.93,7.26,938.45,19.46,93.91,1
1558.42,6.21,855.71,27.21,68.43,0
1407.38,4.22,871.55,30.46,63.07,1
3681.07,1.45,1038.31,25.09,78.37,1
1007.08,4.24,514.08,33.71,65.83,0
913.63,2.52,667.25,21.16,56.12,0
1198.82,10.0,787.3,31.77,85.37,1
1140.44,5.71,794.86,29.7,84.6,1
1041.37,5.14,642.38,20.14,71.87,0
1443.74,8.22,987.31,37.84,54.85,0
1534.36,3.2,697.92,26.75,55.25,1
1230.94,4.08,856.14,23.49,71.29,1
1717.14,6.17,793.39,21.37,64.0,1
800.41,8.57,573.87,26.12,65.91,0
1132.22,7.25,846.43,26.49,82.26,1
949.11,6.62,510.83,27.41,78.8,0
546.71,6.2,280.52,25.81,86.54,0
1171.06,7.0,795.86,29.53,58.11,0
1157.39,6.5,608.68,25.45,65.88,0
1729.71,3.43,1227.52,19.26,79.11,1
1420.78,6.12,683.19,26.4,75.38,0
841.53,3.32,410.49,17.53,88.39,1
1848.93,6.2,1375.14,28.42,75.05,1
1627.36,4.8,1061.29,23.08,92.18,1
1403.73,10.0,988.32,27.65,76.48,1
1120.73,5.9,613.37,32.26,82.75,0
864.2,2.49,564.27,23.21,66.12,0
1069.73,5.66,672.08,31.25,70.17,0
1581.06,7.3,997.56,25.27,80.93,1
1859.61,10.0,1217.59,34.01,89.36,1
1740.14,4.53,1083.42,25.54,78.75,1
1028.9,2.04,595.45,23.64,69.0,0
808.13,8.04,430.55,29.75,86.53,0
1249.31,2.55,850.25,25.26,43.7,1
581.05,4.91,300.91,23.63,52.93,0
1313.11,5.36,863.64,25.09,78.18,1
1148.34,5.83,597.14,26.82,70.17,0
1036.89,7.72,661.12,32.37,77.27,0
641.85,4.29,432.69,19.26,70.77,0
1379.76,5.32,711.42,27.09,76.85,1
1013.55,5.96,474.33,29.5,60.23,0
790.53,6.37,386.8,27.77,76.85,0
200.0,6.24,126.36,32.24,81.93,0
1190.37,7.09,839.01,26.7,84.65,1
1820.29,8.11,843.7,26.26,94.16,1
1781.44,6.98,1194.0,29.37,72.93,1
1040.02,7.13,574.5,27.4,73.29,0
989.23,2.04,587.16,25.44,51.72,0
1364.07,6.13,993.94,29.06,63.62,1
850.57,7.2,467.46,24.39,67.68,0
1305.63,7.82,769.8,24.56,82.6,1
1468.13,4.27,666.68,24.89,62.67,1
1629.43,4.35,773.13,32.41,79.56,1
1164.95,4.56,614.6,14.12,69.98,0
1128.71,7.34,517.35,28.58,67.87,0
892.71,8.58,570.81,27.14,72.99,0
910.59,4.98,526.25,20.28,65.31,0
1120.73,8.27,688.63,28.24,64.85,0
1328.58,6.31,667.47,28.9,49.54,0
1519.75,5.69,818.81,29.36,67.02,1
918.89,5.47,596.49,16.39,64.24,0
1722.44,7.87,1273.9,32.47,63.81,1
1105.11,6.81,514.01,24.05,75.0,0
1192.52,10.0,855.18,29.75,77.9,1
938.48,3.87,584.73,29.96,72.79,0
351.52,7.3,217.65,23.49,81.94,0
1509.42,4.68,905.78,29.64,,1
1457.9,3.83,686.4,25.46,66.46,1
1101.54,5.97,525.39,18.71,64.45,0
1223.45,6.34,771.11,31.67,73.75,1
1380.58,10.0,762.48,23.9,76.89,1
653.11,5.54,473.62,23.58,86.77,0
1014.83,3.17,580.46,25.39,84.29,0
1477.99,6.68,728.63,28.09,63.5,0
761.0,0.81,505.62,26.77,68.78,0
1302.75,5.77,700.88,29.19,78.05,1
725.2,6.04,440.66,21.64,82.82,0
1363.25,7.99,898.86,24.03,81.27,1
1187.53,8.43,855.11,26.54,69.23,0
634.7,4.74,436.46,34.59,54.95,0
1607.66,5.62,1049.65,26.54,58.01,1
942.89,4.08,616.55,31.34,73.27,0
916.41,3.18,672.44,27.15,74.11,0
1270.2,6.77,684.32,25.07,56.82,0
1602.02,2.82,721.44,26.01,70.53,1
844.46,4.96,448.9,26.33,77.57,0
1221.59,3.51,629.57,29.41,56.19,1
1350.09,7.37,875.6,32.5,83.26,1
1442.59,10.0,923.42,28.44,65.47,0
1261.75,2.75,792.43,31.75,85.09,1
1071.54,1.37,487.41,23.14,63.6,0
910.34,5.69,608.69,25.34,57.68,0
1230.15,6.04,672.96,24.1,64.5,1
824.75,6.55,535.69,28.26,,0
200.0,4.88,123.39,25.56,65.34,0
1352.8,5.5,747.85,29.92,67.41,0
1516.38,6.92,743.59,23.28,74.01,0
372.97,8.6,178.4,27.17,67.95,0
846.59,1.11,592.16,29.75,69.21,1
1416.7,5.08,1027.85,18.74,49.49,1
1920.12,6.53,1238.36,35.49,74.7,1
1207.28,3.71,580.74,25.87,68.93,0
945.2,10.0,539.34,18.9,89.32,0
1135.99,4.41,759.61,27.63,58.73,0
1681.21,5.9,1149.86,27.13,48.3,1
973.91,7.39,472.8,26.67,77.42,0
920.28,4.52,414.14,30.96,74.16,1
1031.04,1.38,684.24,29.99,57.9,0
866.33,4.93,482.53,28.19,51.64,0
1242.93,8.57,654.21,28.8,88.45,0
1768.64,5.16,802.73,26.58,86.97,1
1313.08,3.88,803.72,34.1,40.15,0
1111.68,8.31,784.12,21.08,64.5,0
1097.87,5.17,809.45,27.56,89.97,1
652.88,4.72,404.61,27.26,64.29,0
1509.09,6.37,912.0,30.25,64.11,1
1172.76,7.93,557.67,23.62,66.61,0
1136.83,10.0,698.77,20.03,56.55,0
2317.59,8.07,1307.1,27.63,49.54,1
1304.56,8.9,824.67,28.12,82.63,1
936.87,4.74,530.85,32.96,47.88,1
1050.77,3.44,548.6,21.92,72.97,0
1601.96,6.16,766.52,31.62,80.64,1
1239.64,6.27,674.96,36.47,52.59,1
696.6,3.3,333.67,25.49,58.91,0
1521.73,5.56,765.54,21.84,84.56,1
966.15,7.0,720.94,25.37,76.39,0
1855.65,6.9,1082.28,27.06,62.59,1
1578.02,7.26,961.9,29.26,84.43,1
1043.44,6.73,743.02,24.63,84.48,1
1648.36,4.73,1234.08,33.22,73.23,1
1223.75,4.72,764.62,22.54,59.2,0
1498.47,3.0,1039.55,20.04,65.04,1
1369.66,10.0,750.68,31.43,73.44,0
903.78,6.03,489.6,17.9,67.74,0
974.76,5.44,556.4,26.18,81.27,0
1560.49,3.68,1017.05,39.47,51.64,1
1082.83,10.0,708.88,26.95,52.07,0
1058.72,3.32,576.55,22.52,72.17,0
865.71,4.93,424.16,26.77,64.1,0
1348.26,7.04,862.51,26.8,62.48,0
1921.88,7.5,938.84,27.64,48.78,1
826.36,8.39,515.28,29.65,70.23,0
1208.48,10.0,795.21,22.84,69.37,1
1694.28,7.27,1118.53,33.75,77.84,1
1172.13,3.36,792.41,27.98,70.83,1
1358.33,5.36,966.94,29.91,68.41,1
828.16,6.77,496.89,24.49,84.12,0
1349.91,10.0,903.19,32.15,54.25,0
1134.5,2.51,721.26,25.97,76.44,1
1545.01,9.01,781.76,28.11,49.95,1
1615.59,6.45,739.46,23.27,59.94,0
2106.35,8.09,1127.66,23.01,55.45,1
1402.87,5.75,817.75,29.75,79.38,1
1314.03,3.89,834.58,25.23,69.22,1
1268.03,7.88,893.95,23.58,69.84,1
1076.39,7.64,547.75,24.43,56.72,0
1318.47,8.43,642.97,29.8,66.4,0
1096.61,5.97,810.44,24.48,60.84,1
1258.96,4.5,607.34,26.53,,0
1661.16,2.1,985.98,27.06,58.11,1
847.71,8.05,530.39,19.33,85.96,0
1598.96,7.06,979.22,21.12,49.89,1
1660.99,3.59,790.32,28.35,60.32,1
1158.68,4.65,541.23,24.05,90.13,0
457.35,4.83,220.28,31.23,64.78,0
987.26,2.29,617.71,30.87,54.22,0
1653.95,3.96,1014.37,29.88,72.63,1
1192.0,3.17,619.98,34.28,,0
850.24,4.97,545.29,26.67,59.97,0
1023.33,4.15,712.26,29.6,56.85,0
1494.22,1.93,691.04,24.66,100.0,1
1391.36,10.0,834.03,36.81,66.98,1
1116.37,9.13,733.23,34.93,46.89,0
1071.61,4.05,563.34,27.05,87.92,0
1062.88,6.68,576.44,28.55,77.33,0
877.16,7.04,556.2,32.44,60.8,0
1765.38,8.98,1269.98,26.41,58.8,1
1087.19,3.95,753.4,24.37,78.08,1
1626.01,8.73,1016.15,30.5,67.04,1
1732.46,4.63,1159.13,27.31,46.89,1
1549.41,2.66,866.81,27.73,91.45,1
2622.33,7.81,673.72,23.66,64.79,1
1341.31,9.23,791.18,20.13,87.95,1
1191.53,10.0,604.08,27.94,85.34,0
883.7,3.0,583.71,30.62,57.99,0
1313.53,7.75,810.37,26.1,82.4,1
787.34,4.98,439.01,32.75,62.18,0
1615.69,7.96,1168.79,24.18,47.6,1
1037.38,2.32,473.34,22.78,64.9,0
1270.41,2.84,692.03,26.73,74.77,1
1299.15,4.06,606.79,26.67,64.45,1
1109.38,6.2,754.33,30.08,66.32,1
1405.34,4.4,928.41,23.9,83.72,1
1033.78,7.65,567.97,32.47,71.28,0
1504.95,8.57,982.28,34.87,59.88,1
728.91,7.5,414.59,26.84,78.42,0
1244.23,10.0,842.19,32.0,72.37,0
1878.63,7.04,1101.35,22.77,39.74,1
849.88,2.96,487.56,31.3,75.14,0
962.79,9.41,703.24,31.19,74.7,0
1379.87,4.49,724.79,30.45,70.24,1
1262.85,8.28,613.92,26.94,80.7,0
1322.72,9.93,827.18,15.18,61.93,1
1371.22,7.14,1015.79,24.43,74.04,1
1422.15,2.26,801.17,24.5,51.2,1
1588.39,3.7,744.34,23.09,74.89,0
1343.44,9.31,741.3,27.49,93.44,1
1115.56,5.58,671.32,25.32,58.06,1
1435.4,6.2,715.66,23.7,60.88,0
1864.96,7.9,1207.43,22.76,61.48,1
1153.58,7.74,864.4,24.14,71.56,0
858.91,6.7,502.91,31.49,57.24,0
1587.48,5.48,883.3,24.36,75.05,1
1157.87,5.22,660.23,24.94,80.16,1
439.57,8.14,212.99,25.17,76.41,0
1496.6,7.38,1070.04,28.36,48.78,0
1012.64,5.36,581.71,28.82,81.94,0
1168.31,8.71,661.48,14.82,81.25,1
1316.19,5.68,852.77,31.09,79.96,0
1266.67,3.87,737.98,32.75,74.47,0
1448.31,4.1,933.39,22.8,72.64,1
1047.58,3.55,490.72,23.11,82.39,0
1379.59,5.32,957.59,25.2,93.08,1
1109.16,9.08,812.07,23.98,58.56,0
1458.58,3.99,940.25,27.9,82.94,1
1415.38,6.47,1042.24,19.21,68.97,1
872.6,4.36,432.31,22.53,68.44,0
1580.09,5.35,937.35,33.16,51.56,1
1012.41,2.22,638.37,23.29,66.58,0
1482.82,5.45,926.05,31.97,58.03,1
1328.55,5.52,757.86,28.42,64.43,0
1843.36,7.35,1016.48,19.76,56.82,1
1121.79,6.56,547.48,29.54,64.61,0
1077.74,3.0,611.64,26.53,65.13,1
1193.2,8.71,595.17,25.18,71.16,0
1093.89,6.53,733.24,27.98,50.62,1
1479.98,6.5,758.71,28.9,52.65,0
634.29,5.98,296.58,29.83,74.34,0
831.21,4.71,511.78,31.71,60.43,0
826.27,6.54,519.37,28.63,82.89,1
1532.61,7.19,1090.56,21.5,72.7,1
1798.71,1.63,1120.77,25.11,77.28,1
1163.44,4.65,644.13,38.77,86.93,1
1140.91,5.36,788.26,29.9,66.28,1
1224.52,6.64,749.51,36.48,63.11,0
1606.66,8.98,761.21,32.58,80.46,0
875.43,4.07,542.55,27.97,76.11,0
1283.43,4.76,927.16,28.21,67.75,1
1541.32,4.72,876.85,26.85,86.7,1
1375.38,4.0,741.19,20.05,67.45,0
1266.35,5.13,624.36,27.07,70.39,0
1550.37,7.93,768.1,31.84,70.25,1
253.87,3.37,147.2,24.6,58.78,0
1437.26,7.07,903.61,28.65,70.93,1
971.07,1.75,460.47,30.41,86.76,1
559.28,4.6,409.32,23.36,75.34,0
1378.92,5.18,932.9,25.19,70.37,1
1680.78,10.0,1052.15,22.93,68.06,1
1151.89,5.31,804.63,23.71,73.97,1
1533.51,0.5,726.97,21.85,79.0,1
1764.3,1.0,1046.32,23.4,77.31,1
1660.22,6.09,1060.93,32.68,66.02,1
1773.99,7.53,1239.3,23.34,73.9,1
1459.74,6.94,999.98,27.51,75.76,1
1226.4,6.42,653.82,24.99,57.91,1
639.31,8.91,468.15,31.72,72.02,0
1113.88,4.65,542.8,32.24,44.06,0
904.86,8.24,644.75,30.46,75.79,0
1959.83,1.92,1452.79,28.22,77.92,1
1138.44,3.74,572.8,26.08,78.97,1
1243.12,1.48,828.69,22.23,65.26,1
1393.02,5.31,643.69,34.77,73.71,0
1215.26,5.88,694.68,23.96,87.09,0
1793.27,6.29,1084.72,29.65,86.97,1
982.07,6.15,613.0,31.24,69.65,0
1268.11,3.68,926.71,24.78,71.67,0
940.14,5.52,612.66,31.15,83.33,0
737.99,2.26,438.65,30.06,,0
985.88,9.41,683.12,33.91,66.12,0
1187.04,5.24,872.66,25.12,86.03,1
1049.74,4.78,479.33,21.86,81.7,0
957.65,9.97,713.22,24.98,74.43,0
707.79,2.89,336.79,27.84,51.93,0
1170.91,3.19,812.98,27.23,69.4,1
673.35,3.26,359.64,25.43,62.92,0
1466.02,5.83,717.84,19.36,73.97,0
1228.85,7.08,715.14,28.88,60.29,1
689.86,7.85,443.71,34.89,57.69,0
1091.78,10.0,616.07,28.86,45.22,0
936.75,0.38,436.87,29.44,84.66,0
1311.71,7.52,826.17,29.29,65.2,0
1669.16,4.61,1203.0,28.59,71.89,1
543.69,4.53,307.17,30.73,69.97,0
1240.26,4.45,638.61,28.58,57.19,0
1143.95,3.73,666.67,25.75,,0
1434.97,10.0,666.56,23.82,57.94,1
1274.62,8.11,887.32,26.0,61.32,0
936.81,6.06,653.8,28.26,74.4,0
1088.33,9.38,681.73,25.74,60.45,0
921.39,2.22,512.23,28.26,90.96,0
1576.6,2.67,1087.75,28.76,82.33,1
1207.46,0.56,744.29,30.33,79.7,1
1865.42,4.25,1301.65,32.13,68.56,1
1178.77,6.4,753.75,27.31,88.17,0
952.06,6.26,652.47,21.77,67.38,0
670.2,6.37,421.94,25.62,69.62,0
568.9,2.47,326.69,27.18,72.04,0
645.55,8.01,476.02,19.66,78.42,0
1293.49,6.6,792.05,32.55,77.64,1
1378.05,7.83,870.28,27.57,64.3,1
646.58,1.27,333.73,28.53,63.6,0
1513.26,6.78,965.0,32.46,77.68,1
1030.93,3.03,640.7,24.48,78.58,0
1251.38,5.01,632.51,29.3,65.28,1
1764.28,7.34,825.46,26.56,50.95,1
1513.89,6.23,955.73,26.26,67.51,1
1106.01,3.87,751.1,23.91,77.48,1
888.08,6.02,539.08,33.66,91.67,0
446.86,2.17,231.49,25.5,55.62,0
948.3,8.88,616.35,29.8,64.88,0
1126.1,5.49,533.81,19.5,65.33,0
854.49,8.8,497.78,31.72,86.27,0
1154.06,4.68,575.89,31.21,69.58,0
1226.9,4.69,620.0,27.39,59.11,1
1121.3,4.09,572.63,26.09,76.7,0
972.5,8.19,550.45,28.6,,0
1259.03,4.23,585.88,36.16,55.31,0
1354.68,7.61,771.27,19.95,59.29,0
2045.9,5.04,493.89,30.13,90.81,1
1693.83,1.06,1007.81,23.35,74.61,1
1165.49,4.57,658.31,26.92,71.29,1
1206.6,3.05,846.72,26.01,67.0,1
1447.88,6.08,714.67,25.29,73.51,1
1281.63,3.02,771.17,26.96,73.36,1
1533.6,8.31,718.66,22.46,73.51,1
1300.49,5.77,612.98,31.12,71.38,0
985.65,5.56,613.23,19.82,80.43,0
1326.53,7.64,822.19,29.16,70.28,0
799.7,8.41,570.51,25.69,58.26,0
1238.0,5.95,764.29,22.32,62.65,0
1188.37,4.07,876.94,27.81,46.25,0
1127.16,1.57,523.69,20.77,94.32,1
1155.01,4.28,553.72,27.16,80.35,1
541.35,4.46,250.77,21.31,60.04,0
1007.95,6.27,509.6,28.85,66.62,0
1232.5,5.14,754.76,23.3,62.36,0
1255.95,7.72,808.42,25.2,88.51,0
840.31,4.47,389.63,28.18,52.96,0
1643.0,5.86,1205.62,23.91,71.37,1
896.84,8.96,630.16,26.77,68.7,0
1539.31,6.85,829.66,20.94,79.92,1
1349.52,5.85,638.53,29.52,68.75,1
973.82,4.5,487.85,34.06,48.9,0
1821.36,4.42,888.97,38.17,66.99,1
782.23,3.87,380.93,27.36,,0
1521.7,4.65,921.5,30.15,70.95,1
3875.51,7.89,811.93,19.88,87.21,1
965.28,5.45,538.09,33.01,49.13,0
1687.36,2.63,1260.21,30.1,,1
1112.48,10.0,729.0,25.06,63.37,0
1301.04,6.8,955.87,31.95,65.42,1
1291.11,2.48,636.22,25.98,78.88,1
1152.99,4.9,651.03,25.17,67.92,0
1483.78,6.28,914.63,28.9,74.99,1
1477.72,10.0,699.0,22.75,62.49,0
588.01,3.23,265.34,31.09,72.76,0
1656.52,8.44,1078.61,22.78,79.33,1
618.13,9.5,397.18,22.8,61.21,0
1561.39,4.43,895.05,23.36,79.38,1
1594.35,5.31,951.65,30.04,70.63,1
818.16,3.41,470.14,24.53,82.55,0
1056.21,5.49,482.9,21.61,67.58,0
813.0,5.91,447.65,24.58,74.57,0
1124.78,7.65,565.9,26.87,69.51,0
1092.19,8.73,523.73,22.28,68.85,0
1472.88,4.13,1085.54,22.39,73.11,1
1658.61,1.08,1044.6,35.45,76.44,1
1688.49,5.95,1128.92,23.56,55.01,1
1003.24,6.73,546.37,25.71,87.2,0
1126.77,6.62,639.94,25.53,47.68,0
610.8,5.18,318.27,25.31,61.78,0
917.95,6.31,439.78,29.49,68.87,0
1537.7,9.79,774.55,30.79,74.95,1
1765.45,6.95,1216.85,25.78,,1
767.98,5.07,501.69,22.05,47.7,0
992.64,4.75,609.56,32.1,63.91,0
1190.76,5.58,705.56,26.62,44.48,0
1298.06,10.0,943.34,33.92,70.38,1
916.64,5.54,432.49,18.02,73.26,0
1348.42,5.95,720.3,27.78,89.09,1
1034.16,4.79,573.94,34.67,71.45,1
2987.35,8.75,818.21,25.59,82.53,1
1391.2,10.0,1040.28,26.1,77.01,1
1202.25,7.13,627.82,28.18,64.78,0
1047.26,6.21,745.96,24.76,53.09,0
1161.64,6.09,812.2,25.75,73.3,1
1169.07,0.04,604.88,25.65,52.09,0
1070.5,7.86,609.97,24.49,85.54,0
1109.42,6.34,635.59,31.92,68.06,0
1759.53,7.07,1308.15,28.84,84.34,1
1396.32,4.22,704.12,28.0,64.24,1
1096.58,5.04,756.36,30.23,73.23,1
1443.93,4.97,794.54,25.94,72.51,0
1083.16,8.55,724.92,23.9,69.46,0
1610.59,5.05,927.71,24.59,64.81,1
1329.37,10.0,828.88,27.01,74.71,0
1162.44,7.08,813.46,22.76,58.89,0
1356.7,2.81,937.82,25.0,55.49,1
650.19,5.68,461.59,24.94,84.91,0
805.63,4.37,376.94,35.5,78.73,0
782.13,0.51,514.34,15.9,70.79,0
1250.03,10.0,615.01,26.28,89.98,1
1806.38,7.76,1038.21,33.9,66.79,1
1980.96,7.33,1217.45,27.49,85.87,1
1423.32,6.41,812.46,30.01,72.11,1
1375.3,2.54,833.27,27.4,57.7,1
569.63,4.79,426.63,24.33,92.18,0
1010.06,8.1,495.5,18.03,81.89,0
924.28,3.37,603.22,27.82,68.55,0
982.7,0.0,558.96,23.9,78.73,0
1141.15,5.43,559.05,23.8,65.16,0
1034.77,5.65,514.92,25.0,79.95,0
507.25,6.34,372.71,33.98,41.31,0
1461.77,7.82,1043.53,36.62,57.76,1
824.54,7.59,595.41,27.87,81.75,0
1283.74,6.65,959.54,25.14,67.0,1
1925.93,8.99,987.03,22.29,72.49,1
878.22,2.2,488.84,28.87,53.84,0
314.4,7.26,204.6,34.13,92.17,0
1099.9,7.57,654.59,26.01,84.29,0
1585.34,2.9,912.39,17.48,67.59,1
1885.42,2.24,1050.83,29.68,65.14,1
769.66,4.14,483.45,30.94,82.36,0
1373.84,4.35,855.46,20.66,93.79,1
1037.14,7.88,516.95,27.71,81.45,0
1162.92,4.46,687.89,28.8,96.06,1
2125.52,3.86,1309.41,26.71,58.93,1
673.96,4.47,418.59,23.84,60.17,0
1288.81,8.8,661.2,31.06,55.73,0
1363.69,6.03,917.33,25.39,75.3,1
1580.03,5.55,722.96,21.06,72.11,1
1234.29,5.72,686.82,18.8,68.18,0
1307.82,9.23,894.63,32.04,79.71,0
1062.92,4.13,658.13,29.47,84.79,0
1294.19,9.29,683.79,27.35,51.69,0
1079.88,6.53,711.09,25.24,62.84,0
1417.55,5.6,879.19,24.88,79.84,1
1070.64,10.0,737.53,22.7,64.39,0
1331.99,3.36,893.11,25.27,60.42,1
1189.76,5.12,753.16,18.52,82.22,0
1594.12,2.92,950.82,24.06,54.53,1
1182.01,8.38,579.13,25.76,66.38,1
579.44,10.0,306.18,29.44,73.94,0
1641.67,10.0,945.16,26.84,63.11,1
882.99,9.06,556.1,30.18,79.4,0
971.18,5.51,586.7,32.4,63.17,0
991.52,5.09,531.91,31.23,86.9,0
1681.05,1.82,759.73,28.88,68.49,1
452.51,10.0,271.0,27.05,78.06,0
2298.21,7.17,1231.12,23.08,78.95,1
1569.62,4.77,1052.25,29.96,62.47,1
1278.13,9.32,584.34,33.72,45.36,0
1180.79,3.57,738.52,28.37,74.33,1
1299.94,7.02,952.13,34.67,70.87,0
1382.39,5.57,694.41,20.9,76.67,1
1425.83,7.6,843.37,22.38,67.28,1
1394.46,5.84,665.75,30.42,64.83,0
1231.35,2.37,785.24,28.06,,0
1130.93,6.19,695.7,32.26,52.33,1
1147.05,8.62,656.36,26.94,78.81,0
1131.78,5.93,686.33,23.53,63.1,0
1596.82,7.94,1148.07,26.15,65.97,1
1407.74,3.39,716.38,20.87,66.19,0
200.0,5.93,100.0,22.49,60.36,0
1429.57,4.44,1012.85,30.89,76.85,1
1268.16,7.87,790.23,30.49,86.69,1
1193.45,6.08,855.94,28.45,75.64,1
1064.02,7.73,669.36,20.12,71.24,0
1593.44,8.72,1104.33,25.57,58.16,1
1531.63,7.73,886.67,22.1,76.2,1
929.49,6.68,627.37,31.71,95.88,0
1342.47,3.5,971.83,24.67,65.43,1
859.92,5.99,534.56,22.66,65.49,0
717.13,4.67,361.6,27.12,63.27,0
980.65,5.14,520.37,24.44,64.13,1
1501.84,5.06,765.33,32.93,37.06,1
1533.59,3.55,803.69,24.06,74.86,1
1379.58,1.11,747.63,21.4,59.85,1
1453.78,4.33,896.32,18.39,50.68,1
1380.66,6.48,864.84,26.88,79.04,0
975.48,2.63,563.78,24.75,57.02,0
1351.17,6.04,857.49,21.28,65.94,1
1480.14,10.0,702.29,31.76,87.6,0
1464.0,8.56,697.36,29.67,53.09,0
1616.12,10.0,810.56,26.89,51.61,1
1447.91,6.98,876.6,32.46,73.23,1
1323.01,8.92,680.29,29.65,83.79,1
1574.55,4.19,842.36,23.71,51.11,1
1190.72,4.39,678.82,22.84,74.89,0
891.34,0.0,618.2,30.27,76.97,0
1142.93,8.97,519.07,28.59,45.29,0
939.28,9.85,605.66,27.68,79.58,0
